USE `FilmSphere`;

REPLACE INTO Lingua
VALUES ('Afrikaans'),
       ('Albanese'),
       ('Arabo'),
       ('Armeno'),
       ('Bielorusso'),
       ('Bislamo'),
       ('Bodo'),
       ('Bosniaco'),
       ('Bulgaro'),
       ('Caroliniano'),
       ('Catalano'),
       ('Ceco'),
       ('Chamorro'),
       ('Chichewa'),
       ('Chuukese'),
       ('Comoriano'),
       ('Coreano'),
       ('Creolo'),
       ('Croato'),
       ('Curdo'),
       ('Danese'),
       ('Ebraico'),
       ('Estone'),
       ('Faroese'),
       ('Figiano'),
       ('Filippino'),
       ('Finlandese'),
       ('Francese'),
       ('Georgiano'),
       ('Giapponese'),
       ('Giavanese'),
       ('Gilbertese'),
       ('Greco'),
       ('Groenlandese'),
       ('Guaraní'),
       ('Gujarati'),
       ('Hawaiano'),
       ('Hindi'),
       ('Indonesiano'),
       ('Inglese'),
       ('Irlandese'),
       ('Islandese'),
       ('Italiano'),
       ('Kannada'),
       ('Kashmiri'),
       ('Kosraese'),
       ('Ladino'),
       ('Lao'),
       ('Latino'),
       ('Lettone'),
       ('Lituano'),
       ('Lussemburghese'),
       ('Macedone'),
       ('Maithili'),
       ('Malayalam'),
       ('Malese'),
       ('Malgascio'),
       ('Maltese'),
       ('Mandarino'),
       ('Manipuri'),
       ('Maori'),
       ('Marathi'),
       ('Marshallese'),
       ('Mirandese'),
       ('Moldavo'),
       ('Monegasco'),
       ('Mongolo'),
       ('Nauruana'),
       ('Nepalese'),
       ('Norvegese'),
       ('Occitano'),
       ('Olandese'),
       ('Oriya'),
       ('Pashto'),
       ('Palauano'),
       ('Papiamento'),
       ('Persiano'),
       ('Pohnpeiano'),
       ('Polacco'),
       ('Portoghese'),
       ('Punjabi'),
       ('Romancio'),
       ('Romaní'),
       ('Rumeno'),
       ('Russo'),
       ('Ruteno'),
       ('Shona'),
       ('Somalo'),
       ('Sindhi'),
       ('Singalese'),
       ('Slovacco'),
       ('Spagnolo'),
       ('Svedese'),
       ('Swahili'),
       ('Tamil'),
       ('Tataro'),
       ('Tedesco'),
       ('Telugu'),
       ('Tetum'),
       ('Thai'),
       ('Tosco'),
       ('Tsonga'),
       ('Tswana'),
       ('Turco'),
       ('Turkmeno'),
       ('Ucraino'),
       ('Ungherese'),
       ('Urdu'),
       ('Uzbeko'),
       ('Venda'),
       ('Xhosa'),
       ('Yapese'),
       ('Yiddish'),
       ('Yorube'),
       ('Yue'),
       ('Zulu');



REPLACE INTO Paese (Codice, Nome, Posizione) VALUES
('AD', 'Andorra', POINT(1.601554,42.546245)),
('AE', 'United Arab Emirates', POINT(53.847818,23.424076)),
('AF', 'Afghanistan', POINT(67.709953,33.93911)),
('AG', 'Antigua and Barbuda', POINT(-61.796428,17.060816)),
('AI', 'Anguilla', POINT(-63.068615,18.220554)),
('AL', 'Albania', POINT(20.168331,41.153332)),
('AM', 'Armenia', POINT(45.038189,40.069099)),
('AO', 'Angola', POINT(17.873887,-11.202692)),
('AQ', 'Antarctica', POINT(-0.071389,-75.250973)),
('AR', 'Argentina', POINT(-63.616672,-38.416097)),
('AT', 'Austria', POINT(14.550072,47.516231)),
('AU', 'Australia', POINT(133.775136,-25.274398)),
('AZ', 'Azerbaijan', POINT(47.576927,40.143105)),
('BA', 'Bosnia and Herzegovina', POINT(17.679076,43.915886)),
('BB', 'Barbados', POINT(-59.543198,13.193887)),
('BD', 'Bangladesh', POINT(90.356331,23.684994)),
('BE', 'Belgium', POINT(4.469936,50.503887)),
('BF', 'Burkina Faso', POINT(-1.561593,12.238333)),
('BG', 'Bulgaria', POINT(25.48583,42.733883)),
('BO', 'Bolivia', POINT(-63.588653,-16.290154)),
('BR', 'Brazil', POINT(-51.92528,-14.235004)),
('BS', 'Bahamas', POINT(-77.39628,25.03428)),
('BT', 'Bhutan', POINT(90.433601,27.514162)),
('BV', 'Bouvet Island', POINT(3.413194,-54.423199)),
('BW', 'Botswana', POINT(24.684866,-22.328474)),
('BY', 'Belarus', POINT(27.953389,53.709807)),
('BZ', 'Belize', POINT(-88.49765,17.189877)),
('CA', 'Canada', POINT(-106.346771,56.130366)),
('CF', 'Central African Republic', POINT(20.939444,6.611111)),
('CH', 'Switzerland', POINT(8.227512,46.818188)),
('CK', 'Cook Islands', POINT(-159.777671,-21.236736)),
('CL', 'Chile', POINT(-71.542969,-35.675147)),
('CM', 'Cameroon', POINT(12.354722,7.369722)),
('CN', 'China', POINT(104.195397,35.86166)),
('CO', 'Colombia', POINT(-74.297333,4.570868)),
('CR', 'Costa Rica', POINT(-83.753428,9.748917)),
('CU', 'Cuba', POINT(-77.781167,21.521757)),
('CY', 'Cyprus', POINT(33.429859,35.126413)),
('CZ', 'Czech Republic', POINT(15.472962,49.817492)),
('DE', 'Germany', POINT(10.451526,51.165691)),
('DZ', 'Algeria', POINT(1.659626,28.033886)),
('EC', 'Ecuador', POINT(-78.183406,-1.831239)),
('EE', 'Estonia', POINT(25.013607,58.595272)),
('EG', 'Egypt', POINT(30.802498,26.820553)),
('ER', 'Eritrea', POINT(39.782334,15.179384)),
('ES', 'Spain', POINT(-3.74922,40.463667)),
('ET', 'Ethiopia', POINT(40.489673,9.145)),
('FI', 'Finland', POINT(25.748151,61.92411)),
('FO', 'Faroe Islands', POINT(-6.911806,61.892635)),
('FR', 'France', POINT(2.213749,46.227638)),
('GA', 'Gabon', POINT(11.609444,-0.803689)),
('GB', 'United Kingdom', POINT(-3.435973,55.378051)),
('GD', 'Grenada', POINT(-61.604171,12.262776)),
('GE', 'Georgia', POINT(43.356892,42.315407)),
('GF', 'French Guiana', POINT(-53.125782,3.933889)),
('GG', 'Guernsey', POINT(-2.585278,49.465691)),
('GH', 'Ghana', POINT(-1.023194,7.946527)),
('GI', 'Gibraltar', POINT(-5.345374,36.137741)),
('GL', 'Greenland', POINT(-42.604303,71.706936)),
('GM', 'Gambia', POINT(-15.310139,13.443182)),
('GR', 'Greece', POINT(21.824312,39.074208)),
('GY', 'Guyana', POINT(-58.93018,4.860416)),
('GZ', 'Gaza Strip', POINT(34.308825,31.354676)),
('HK', 'Hong Kong', POINT(114.109497,22.396428)),
('ID', 'Indonesia', POINT(113.921327,-0.789275)),
('IE', 'Ireland', POINT(-8.24389,53.41291)),
('IL', 'Israel', POINT(34.851612,31.046051)),
('IQ', 'Iraq', POINT(43.679291,33.223191)),
('IR', 'Iran', POINT(53.688046,32.427908)),
('IS', 'Iceland', POINT(-19.020835,64.963051)),
('IT', 'Italy', POINT(12.56738,41.87194)),
('KH', 'Cambodia', POINT(104.990963,12.565679)),
('KP', 'North Korea', POINT(127.510093,40.339852)),
('KR', 'South Korea', POINT(127.766922,35.907757)),
('KW', 'Kuwait', POINT(47.481766,29.31166)),
('KZ', 'Kazakhstan', POINT(66.923684,48.019573)),
('LA', 'Laos', POINT(102.495496,19.85627)),
('LB', 'Lebanon', POINT(35.862285,33.854721)),
('LI', 'Liechtenstein', POINT(9.555373,47.166)),
('LK', 'Sri Lanka', POINT(80.771797,7.873054)),
('LR', 'Liberia', POINT(-9.429499,6.428055)),
('LS', 'Lesotho', POINT(28.233608,-29.609988)),
('LT', 'Lithuania', POINT(23.881275,55.169438)),
('LU', 'Luxembourg', POINT(6.129583,49.815273)),
('LV', 'Latvia', POINT(24.603189,56.879635)),
('LY', 'Libya', POINT(17.228331,26.3351)),
('MA', 'Morocco', POINT(-7.09262,31.791702)),
('MC', 'Monaco', POINT(7.412841,43.750298)),
('MD', 'Moldova', POINT(28.369885,47.411631)),
('ME', 'Montenegro', POINT(19.37439,42.708678)),
('MG', 'Madagascar', POINT(46.869107,-18.766947)),
('MH', 'Marshall Islands', POINT(171.184478,7.131474)),
('MK', 'Macedonia', POINT(21.745275,41.608635)),
('ML', 'Mali', POINT(-3.996166,17.570692)),
('MM', 'Myanmar', POINT(95.956223,21.913965)),
('MN', 'Mongolia', POINT(103.846656,46.862496)),
('MY', 'Malaysia', POINT(101.975766,4.210484)),
('MZ', 'Mozambique', POINT(35.529562,-18.665695)),
('NI', 'Nicaragua', POINT(-85.207229,12.865416)),
('NL', 'Netherlands', POINT(5.291266,52.132633)),
('NO', 'Norway', POINT(8.468946,60.472024)),
('NP', 'Nepal', POINT(84.124008,28.394857)),
('NR', 'Nauru', POINT(166.931503,-0.522778)),
('NU', 'Niue', POINT(-169.867233,-19.054445)),
('NZ', 'New Zealand', POINT(174.885971,-40.900557)),
('OM', 'Oman', POINT(55.923255,21.512583)),
('PA', 'Panama', POINT(-80.782127,8.537981)),
('PE', 'Peru', POINT(-75.015152,-9.189967)),
('PF', 'French Polynesia', POINT(-149.406843,-17.679742)),
('PG', 'Papua New Guinea', POINT(143.95555,-6.314993)),
('PH', 'Philippines', POINT(121.774017,12.879721)),
('PK', 'Pakistan', POINT(69.345116,30.375321)),
('PL', 'Poland', POINT(19.145136,51.919438)),
('PY', 'Paraguay', POINT(-58.443832,-23.442503)),
('QA', 'Qatar', POINT(51.183884,25.354826)),
('RE', 'Réunion', POINT(55.536384,-21.115141)),
('RO', 'Romania', POINT(24.96676,45.943161)),
('RS', 'Serbia', POINT(21.005859,44.016521)),
('RU', 'Russia', POINT(105.318756,61.52401)),
('RW', 'Rwanda', POINT(29.873888,-1.940278)),
('SA', 'Saudi Arabia', POINT(45.079162,23.885942)),
('SB', 'Solomon Islands', POINT(160.156194,-9.64571)),
('SC', 'Seychelles', POINT(55.491977,-4.679574)),
('SD', 'Sudan', POINT(30.217636,12.862807)),
('SE', 'Sweden', POINT(18.643501,60.128161)),
('SG', 'Singapore', POINT(103.819836,1.352083)),
('SH', 'Saint Helena', POINT(-10.030696,-24.143474)),
('SI', 'Slovenia', POINT(14.995463,46.151241)),
('SK', 'Slovakia', POINT(19.699024,48.669026)),
('SL', 'Sierra Leone', POINT(-11.779889,8.460555)),
('SN', 'Senegal', POINT(-14.452362,14.497401)),
('SO', 'Somalia', POINT(46.199616,5.152149)),
('SR', 'Suriname', POINT(-56.027783,3.919305)),
('TR', 'Turkey', POINT(35.243322,38.963745)),
('UA', 'Ukraine', POINT(31.16558,48.379433)),
('UG', 'Uganda', POINT(32.290275,1.373333)),
('US', 'United States', POINT(-95.712891,37.09024)),
('UY', 'Uruguay', POINT(-55.765835,-32.522779)),
('UZ', 'Uzbekistan', POINT(64.585262,41.377491)),
('VA', 'Vatican City', POINT(12.453389,41.902916)),
('VC', 'Saint Vincent and the Grenadines', POINT(-61.287228,12.984305)),
('VE', 'Venezuela', POINT(-66.58973,6.42375)),
('VG', 'British Virgin Islands', POINT(-64.639968,18.420695)),
('VI', 'U.S. Virgin Islands', POINT(-64.896335,18.335765)),
('VN', 'Vietnam', POINT(108.277199,14.058324)),
('VU', 'Vanuatu', POINT(166.959158,-15.376706)),
('WF', 'Wallis and Futuna', POINT(-177.156097,-13.768752)),
('WS', 'Samoa', POINT(-172.104629,-13.759029)),
('XK', 'Kosovo', POINT(20.902977,42.602636)),
('YE', 'Yemen', POINT(48.516388,15.552727)),
('YT', 'Mayotte', POINT(45.166244,-12.8275)),
('ZA', 'South Africa', POINT(22.937506,-30.559482)),
('ZM', 'Zambia', POINT(27.849332,-13.133897)),
('ZW', 'Zimbabwe', POINT(29.154857,-19.015438));


REPLACE INTO Artista VALUES
 ('Vincenzino', 'Fiore', 8.43),
('Fernando', 'De Simone', 3.79),
('Sara', 'Scognamiglio', 8.84),
('Giulio', 'Esposito', 9.12),
('Luca', 'Zannelli', 2.1),
('Luca', 'Fiore', 3.15),
('Loris', 'Zannelli', 5.55),
('Sara', 'Della Valle', 2.33),
('Jasmine', 'Gallo', 4.48),
('Giada', 'Della Valle', 7.67),
('Giacomo', 'Rossi', 1.66),
('Gianmarco', 'Fabbricatore', 0.58),
('Pasquale', 'Fabbricatore', 6.24),
('Jacopo', 'Fabbricatore', 2.88),
('Antonio', 'Scognamiglio', 5.84),
('Alessio', 'Gallo', 7.21),
('Lorenzo', 'Fiore', 6.48),
('Costanza', 'Gallo', 3.68),
('Lorenza', 'Fiore', 8.0),
('Diego', 'Scognamiglio', 8.32),
('Tom', 'Rossi', 1.28),
('Tom', 'Fabbricatore', 7.18),
('Vincenzino', 'Esposito', 9.05),
('Lorenzo', 'Zannelli', 1.65),
('Alessio', 'Zannelli', 3.09),
('Jasmine', 'Zannelli', 2.87),
('Boris', 'Esposito', 7.47),
('Giulio', 'Fabbricatore', 5.01),
('Giacomo', 'Zannelli', 0.16),
('Carmen', 'Zannelli', 6.18),
('Alessio', 'Fabbricatore', 9.97),
('Guido', 'Bianchi', 6.92),
('Costanza', 'Esposito', 0.48),
('Gabriele', 'Fabbricatore', 7.66),
('Guido', 'Fabbricatore', 4.18),
('Gabriele', 'Rossi', 0.17),
('Simone', 'Bianchi', 4.17),
('Letizia', 'De Simone', 2.74),
('Lorenza', 'Bianchi', 3.58),
('Michele', 'Fiore', 2.78),
('Giacomo', 'Fabbricatore', 8.53),
('Jasmine', 'Esposito', 3.13),
('Yarov', 'Gallo', 7.84),
('Lorenzo', 'De Simone', 1.92),
('Lorenza', 'Della Valle', 1.56),
('Costanza', 'Della Valle', 4.96),
('Antonino', 'Rossi', 1.19),
('Diego', 'Della Valle', 9.53),
('Michele', 'Scognamiglio', 5.84),
('Carmen', 'Bianchi', 4.71),
('Michele', 'Fabbricatore', 3.89),
('Antonio', 'De Simone', 7.3),
('Christian', 'Zannelli', 6.62),
('Gabriele', 'Della Valle', 0.8),
('Luca', 'Esposito', 1.96),
('Giuseppe', 'Della Valle', 7.42),
('Federico', 'Gallo', 6.31),
('Tom', 'Bianchi', 2.32),
('John', 'Gallo', 0.77),
('Letizia', 'Scognamiglio', 1.17),
('Fernando', 'Zannelli', 1.51),
('Costanza', 'Fiore', 7.72),
('Jim', 'De Simone', 7.34),
('Riccardo', 'Scognamiglio', 9.54),
('John', 'De Simone', 7.01),
('Antonio', 'Della Valle', 2.88),
('Giuseppe', 'De Simone', 8.93),
('Gabriele', 'Gallo', 4.05),
('Yarov', 'Fiore', 5.57),
('Lorenzo', 'Della Valle', 5.16),
('Diego', 'Fabbricatore', 4.21),
('Gabriele', 'Gallo', 0.54),
('Vincenzo', 'Fabbricatore', 2.8),
('Boris', 'De Simone', 2.62),
('Federico', 'Della Valle', 7.03),
('Jacopo', 'Zannelli', 1.38),
('Luca', 'Fabbricatore', 7.64),
('Federico', 'Fiore', 6.48),
('Gabriele', 'Zannelli', 0.7),
('Giulio', 'Scognamiglio', 3.61),
('Riccardo', 'Esposito', 5.0),
('Lorenza', 'Zannelli', 4.08),
('Carmen', 'De Simone', 0.04),
('Gianmarco', 'Fiore', 6.2),
('Fernando', 'Esposito', 4.05),
('Letizia', 'Bianchi', 4.67),
('Costanza', 'Bianchi', 8.02),
('Pasquale', 'Zannelli', 6.6),
('Vincenzo', 'De Simone', 0.55),
('Simone', 'Zannelli', 4.92),
('Simone', 'Della Valle', 4.6),
('Loris', 'Fabbricatore', 7.9),
('Marcello', 'De Simone', 3.13),
('Sara', 'Rossi', 0.16),
('Guido', 'Della Valle', 7.73),
('Jim', 'Scognamiglio', 3.51),
('Jim', 'Esposito', 4.55),
('Michele', 'Esposito', 2.15),
('Gianmarco', 'Bianchi', 0.42),
('Antonino', 'Scognamiglio', 2.02),
('Alessandro', 'Gallo', 6.25),
('Carmen', 'Della Valle', 2.48),
('Diego', 'Rossi', 9.82),
('Christian', 'Scognamiglio', 4.88),
('Gabriele', 'Della Valle', 9.38),
('Marcello', 'Gallo', 8.33),
('Sara', 'Zannelli', 5.61),
('Giulia', 'Esposito', 0.93),
('Giacomo', 'De Simone', 9.3),
('Pasquale', 'Della Valle', 6.68),
('Vincenzo', 'Della Valle', 3.69),
('Jacopo', 'Esposito', 5.81),
('Pasquale', 'Fiore', 2.18),
('Fernando', 'Gallo', 3.4),
('Giuseppe', 'Rossi', 8.36),
('Tom', 'Gallo', 4.11),
('Lorenzo', 'Bianchi', 5.5),
('Giada', 'Gallo', 6.41),
('Michele', 'Zannelli', 2.32),
('Carmen', 'Fiore', 4.09),
('Michele', 'De Simone', 4.26),
('Boris', 'Gallo', 0.67),
('Alessio', 'Rossi', 3.61),
('Imma', 'Della Valle', 3.53),
('Alessandro', 'Esposito', 9.12),
('Pasquale', 'De Simone', 7.77),
('Antonino', 'Esposito', 3.31),
('Jim', 'Fabbricatore', 2.43),
('Christian', 'Della Valle', 2.47),
('Simone', 'Fabbricatore', 1.59),
('Giulio', 'Rossi', 0.45),
('Federico', 'De Simone', 4.81),
('Pasquale', 'Rossi', 5.04),
('Michele', 'Gallo', 5.57),
('Luca', 'Scognamiglio', 5.88),
('Antonino', 'Della Valle', 7.2),
('Lorenzo', 'Rossi', 2.36),
('Giulia', 'Bianchi', 3.97),
('John', 'Fiore', 4.14),
('Giuseppe', 'Esposito', 6.11),
('Tom', 'Fiore', 8.05),
('Vincenzino', 'Gallo', 0.49),
('Giada', 'Fiore', 7.5),
('Giulia', 'Fiore', 4.0),
('Loris', 'Rossi', 4.35),
('Riccardo', 'Zannelli', 2.6),
('Letizia', 'Zannelli', 4.38),
('Diego', 'Bianchi', 7.27),
('Sara', 'Bianchi', 7.33),
('Antonio', 'Gallo', 6.18),
('Gabriele', 'Fiore', 1.57),
('Jacopo', 'De Simone', 0.63),
('Guido', 'Scognamiglio', 0.26),
('Pasquale', 'Esposito', 0.85),
('Giuseppe', 'Zannelli', 4.6),
('Lorenza', 'Scognamiglio', 1.36),
('Letizia', 'Fiore', 5.7),
('Vincenzino', 'Fabbricatore', 2.7),
('Jacopo', 'Bianchi', 4.85),
('Alessandro', 'Scognamiglio', 1.29),
('Jasmine', 'De Simone', 2.0),
('Marcello', 'Bianchi', 0.44),
('Giacomo', 'Esposito', 3.53),
('Giada', 'Bianchi', 1.34),
('Antonino', 'Fabbricatore', 2.12),
('Gianmarco', 'De Simone', 7.2),
('Alessandro', 'Della Valle', 7.63),
('Sara', 'De Simone', 6.15),
('Riccardo', 'Fiore', 2.34),
('Marcello', 'Fiore', 9.86),
('Giulia', 'Della Valle', 1.09),
('Jim', 'Bianchi', 0.4),
('Giulia', 'Rossi', 3.18),
('Marcello', 'Esposito', 4.74),
('Jim', 'Fiore', 6.19),
('Alessio', 'Bianchi', 5.99),
('John', 'Bianchi', 4.92),
('Jasmine', 'Scognamiglio', 5.41),
('Luca', 'De Simone', 2.74),
('Christian', 'De Simone', 5.86),
('Boris', 'Bianchi', 1.86),
('Giacomo', 'Della Valle', 8.7),
('Gabriele', 'De Simone', 0.67),
('Fernando', 'Fabbricatore', 0.3),
('Antonino', 'Gallo', 7.79),
('Tom', 'De Simone', 7.81),
('Jacopo', 'Rossi', 2.11),
('Tom', 'Esposito', 1.63),
('Alessio', 'Esposito', 3.87),
('Loris', 'De Simone', 1.11),
('Costanza', 'Fabbricatore', 7.55),
('Christian', 'Fabbricatore', 3.98),
('Loris', 'Bianchi', 9.78),
('Guido', 'Rossi', 2.88),
('Federico', 'Rossi', 0.47),
('Marcello', 'Zannelli', 9.73),
('Federico', 'Zannelli', 5.72),
('Alessandro', 'Fiore', 4.37),
('Carmen', 'Fabbricatore', 7.43),
('Jasmine', 'Bianchi', 0.02),
('Antonio', 'Esposito', 3.56),
('Antonino', 'Fiore', 6.84),
('Giulio', 'Bianchi', 1.65),
('John', 'Rossi', 5.03),
('Lorenza', 'Esposito', 1.54),
('Jacopo', 'Della Valle', 8.45),
('Luca', 'Della Valle', 3.33),
('Simone', 'De Simone', 8.77),
('Vincenzo', 'Fiore', 7.39),
('Simone', 'Gallo', 8.55),
('Yarov', 'Zannelli', 8.95),
('Carmen', 'Gallo', 9.84),
('John', 'Esposito', 9.34),
('Vincenzo', 'Gallo', 9.52),
('Jacopo', 'Fiore', 5.72),
('Antonio', 'Bianchi', 9.0),
('Loris', 'Esposito', 7.96),
('Michele', 'Bianchi', 5.62),
('Boris', 'Zannelli', 4.29),
('Carmen', 'Esposito', 5.5),
('Gabriele', 'Scognamiglio', 7.8),
('Luca', 'Gallo', 5.71),
('Federico', 'Bianchi', 5.59),
('Alessio', 'De Simone', 2.44),
('Fernando', 'Della Valle', 6.57),
('Letizia', 'Esposito', 7.6),
('Giada', 'Zannelli', 2.7),
('Diego', 'De Simone', 0.4),
('Sara', 'Fiore', 0.29),
('Riccardo', 'Della Valle', 2.71),
('Simone', 'Esposito', 4.98),
('Vincenzino', 'Bianchi', 4.73),
('Loris', 'Scognamiglio', 6.25),
('Gabriele', 'Fabbricatore', 2.02),
('Vincenzo', 'Bianchi', 9.29),
('Federico', 'Fabbricatore', 2.42),
('Federico', 'Scognamiglio', 9.12),
('Christian', 'Bianchi', 7.59),
('Antonino', 'De Simone', 4.27),
('Imma', 'Fiore', 6.48),
('Riccardo', 'Rossi', 0.07),
('Riccardo', 'Gallo', 0.27),
('Vincenzo', 'Rossi', 5.44),
('Christian', 'Rossi', 4.04),
('Giulio', 'Zannelli', 5.76),
('Lorenzo', 'Gallo', 1.6),
('Marcello', 'Rossi', 4.5),
('Simone', 'Fiore', 3.63),
('Guido', 'Gallo', 2.39),
('Loris', 'Gallo', 0.39),
('Costanza', 'Scognamiglio', 2.95),
('Lorenzo', 'Esposito', 9.2),
('Vincenzino', 'Rossi', 3.61),
('Alessio', 'Scognamiglio', 6.36),
('Diego', 'Zannelli', 5.63),
('Riccardo', 'Bianchi', 5.67),
('Letizia', 'Della Valle', 8.4),
('Vincenzino', 'Della Valle', 4.38),
('Pasquale', 'Gallo', 2.64),
('Luca', 'Rossi', 1.86),
('Giada', 'Scognamiglio', 8.54),
('Giulio', 'Gallo', 2.2),
('Gianmarco', 'Zannelli', 0.8),
('Jacopo', 'Scognamiglio', 1.57),
('Giuseppe', 'Scognamiglio', 8.08),
('Imma', 'Bianchi', 4.76),
('Letizia', 'Fabbricatore', 0.3),
('Vincenzo', 'Zannelli', 7.94),
('Vincenzo', 'Esposito', 8.8),
('Alessio', 'Fiore', 6.08),
('Christian', 'Fiore', 0.4),
('Gabriele', 'Bianchi', 5.29),
('Giacomo', 'Bianchi', 0.1),
('Costanza', 'De Simone', 5.95),
('Fernando', 'Rossi', 3.53),
('John', 'Della Valle', 2.88),
('Giada', 'De Simone', 4.52),
('Jasmine', 'Della Valle', 6.37),
('Lorenza', 'Rossi', 4.0),
('Lorenzo', 'Scognamiglio', 2.74),
('Guido', 'Zannelli', 0.29),
('Jasmine', 'Fabbricatore', 8.93),
('Diego', 'Gallo', 3.46),
('Giuseppe', 'Gallo', 4.38),
('Jim', 'Gallo', 3.5),
('Jasmine', 'Rossi', 1.15),
('Jim', 'Zannelli', 4.48),
('Marcello', 'Della Valle', 1.29),
('Vincenzo', 'Scognamiglio', 1.95),
('Imma', 'Scognamiglio', 7.6),
('Sara', 'Gallo', 1.04),
('Guido', 'Esposito', 3.13),
('Letizia', 'Gallo', 4.43),
('Costanza', 'Zannelli', 1.47),
('Loris', 'Fiore', 8.9),
('Giacomo', 'Gallo', 2.16),
('Vincenzino', 'Zannelli', 5.22),
('Antonio', 'Fiore', 6.0),
('Antonino', 'Bianchi', 3.91),
('Giulio', 'Fiore', 2.29),
('Simone', 'Scognamiglio', 2.9),
('Loris', 'Della Valle', 4.66),
('Giuseppe', 'Fabbricatore', 5.93),
('Luca', 'Bianchi', 2.94),
('Riccardo', 'De Simone', 9.96),
('Imma', 'Fabbricatore', 3.87),
('Gabriele', 'Bianchi', 6.95),
('Gianmarco', 'Esposito', 6.18),
('Yarov', 'Bianchi', 3.17),
('Gabriele', 'Rossi', 5.26),
('Imma', 'Zannelli', 9.68),
('Giacomo', 'Fiore', 2.27),
('Tom', 'Della Valle', 6.64),
('Yarov', 'Scognamiglio', 5.37),
('Fernando', 'Scognamiglio', 2.75),
('Tom', 'Zannelli', 6.48),
('Vincenzino', 'Scognamiglio', 6.59),
('Carmen', 'Rossi', 4.86),
('Giulio', 'De Simone', 5.99),
('Gabriele', 'Esposito', 0.83),
('Jim', 'Della Valle', 0.73),
('Diego', 'Esposito', 4.15),
('Antonio', 'Rossi', 3.47),
('Marcello', 'Scognamiglio', 1.24),
('Lorenza', 'Gallo', 8.32),
('Gabriele', 'De Simone', 0.81),
('Boris', 'Scognamiglio', 7.19),
('Tom', 'Scognamiglio', 0.24),
('Gianmarco', 'Rossi', 9.96),
('Yarov', 'De Simone', 8.62),
('Alessio', 'Della Valle', 5.76),
('Antonio', 'Zannelli', 8.6),
('Gabriele', 'Scognamiglio', 6.99),
('Antonino', 'Zannelli', 4.33),
('Yarov', 'Fabbricatore', 7.26),
('Federico', 'Esposito', 9.86),
('Imma', 'Esposito', 6.16),
('John', 'Fabbricatore', 8.67),
('Lorenza', 'Fabbricatore', 7.71),
('Imma', 'Gallo', 0.73),
('Vincenzino', 'De Simone', 3.58),
('Giulia', 'Zannelli', 5.77),
('Lorenza', 'De Simone', 1.96),
('Giada', 'Esposito', 1.3),
('Jim', 'Rossi', 0.95),
('Alessandro', 'Fabbricatore', 0.34),
('Pasquale', 'Bianchi', 6.8),
('Boris', 'Fabbricatore', 1.66),
('Alessandro', 'Bianchi', 4.61),
('Sara', 'Esposito', 0.72),
('Giacomo', 'Scognamiglio', 9.95),
('Yarov', 'Esposito', 7.57),
('Jacopo', 'Gallo', 4.24),
('Alessandro', 'Rossi', 8.51),
('Yarov', 'Della Valle', 2.86),
('Michele', 'Rossi', 5.23),
('Guido', 'Fiore', 5.46),
('Boris', 'Della Valle', 3.44),
('Fernando', 'Fiore', 4.85),
('Boris', 'Fiore', 0.06),
('Imma', 'Rossi', 4.86),
('John', 'Scognamiglio', 7.1),
('Riccardo', 'Fabbricatore', 2.01),
('Gabriele', 'Zannelli', 4.59),
('Gianmarco', 'Scognamiglio', 0.52),
('Fernando', 'Bianchi', 7.02),
('Letizia', 'Rossi', 0.49),
('Christian', 'Esposito', 5.08),
('Giulia', 'Gallo', 9.78),
('Marcello', 'Fabbricatore', 3.21),
('Gabriele', 'Fiore', 4.82),
('Simone', 'Rossi', 1.05),
('Lorenzo', 'Fabbricatore', 1.76),
('Diego', 'Fiore', 0.36),
('Giuseppe', 'Bianchi', 6.61),
('Sara', 'Fabbricatore', 1.99),
('Giada', 'Rossi', 1.88),
('Michele', 'Della Valle', 4.44),
('Pasquale', 'Scognamiglio', 2.36),
('Alessandro', 'Zannelli', 9.05),
('Giada', 'Fabbricatore', 3.85),
('Giulio', 'Della Valle', 7.38),
('Giulia', 'De Simone', 9.67),
('Giulia', 'Scognamiglio', 4.94),
('Giulia', 'Fabbricatore', 7.84),
('Boris', 'Rossi', 0.91),
('Jasmine', 'Fiore', 4.64),
('Alessandro', 'De Simone', 7.93),
('Costanza', 'Rossi', 1.2),
('Carmen', 'Scognamiglio', 4.68),
('Imma', 'De Simone', 2.12),
('Christian', 'Gallo', 9.53),
('Guido', 'De Simone', 1.12),
('Gianmarco', 'Della Valle', 6.35),
('Antonio', 'Fabbricatore', 7.19),
('Gianmarco', 'Gallo', 2.91),
('Gabriele', 'Esposito', 2.42),
('Yarov', 'Rossi', 9.74),
('John', 'Zannelli', 3.55),
('Giuseppe', 'Fiore', 9.14);

REPLACE INTO CasaProduzione VALUES
('Cartoon One', 'US'),
('Cemofilm', 'BG'),
('Cinecittà', 'CO'),
('Colonna', 'CO'),
('Cristaldifilm', 'BG'),
('Mad Entertainment', 'BG'),
('Maga Animation Studio', 'US'),
('Mari Film', 'FR'),
('Medusa Film', 'CF'),
('Mikado Film', 'BG'),
('Milano Films', 'ES'),
('Minerva Film', 'ES'),
('Mood Film', 'CA'),
('Morgana film', 'CN'),
('Moviemax', 'IT'),
('Leone Film', 'FR'),
('Latium Film ', 'DE'),
('Lucky Red', 'ES'),
('Fandango', 'ES'),
('Warner', 'CA');

REPLACE INTO Critico (`Codice`, `Nome`, `Cognome`) VALUES
(1, 'Luca', 'Barbieri'),
(2, 'Luca', 'Lombardi'),
(3, 'Alessio', 'Ricci'),
(4, 'Simone', 'Martinelli'),
(5, 'Alessandro', 'Ferrari'),
(6, 'Simone', 'Romano'),
(7, 'Simone', 'Cassano'),
(8, 'Alessandro', 'Fontana'),
(9, 'Riccardo', 'Romano'),
(10, 'Giulio', 'Leone'),
(11, 'Giulio', 'De Luca'),
(12, 'Alessandro', 'Costa'),
(13, 'Francesco', 'Ricci'),
(14, 'Giulio', 'Mancini'),
(15, 'Luca', 'Bianchi'),
(16, 'Francesco', 'Longo'),
(17, 'Alessio', 'Fontana'),
(18, 'Riccardo', 'Leone'),
(19, 'Francesco', 'De Luca'),
(20, 'Riccardo', 'Cassano'),
(21, 'Alessio', 'Lombardi'),
(22, 'Pasquale', 'Moretti'),
(23, 'Francesco', 'Giordano'),
(24, 'Riccardo', 'Ferrari'),
(25, 'Lorenzo', 'Costa');

REPLACE INTO Film (ID, Titolo, Descrizione, Anno, CasaProduzione, NomeRegista, CognomeRegista) VALUES
(1, 'Il ritorno del re',  'Una storia folgorante ed entusiasmante incentrata sul travagliato ed arduo ritorno di un sovrano al potere',  1991, 'Moviemax', 'Luca', 'Fiore'),
(2, 'Il ritorno del re 2',  'Una storia folgorante ed entusiasmante incentrata sul travagliato ed arduo ritorno di un sovrano al potere',  1992, 'Latium Film ', 'Tom', 'Rossi'),
(3, 'Il ritorno del re 3',  'Una storia folgorante ed entusiasmante incentrata sul travagliato ed arduo ritorno di un sovrano al potere',  1993, 'Cemofilm', 'Lorenza', 'Fiore'),
(4, 'Il ritorno del re 4',  'Una storia folgorante ed entusiasmante incentrata sul travagliato ed arduo ritorno di un sovrano al potere',  1994, 'Latium Film ', 'Lorenzo', 'Zannelli'),
(5, 'Il ritorno del re 5',  'Una storia folgorante ed entusiasmante incentrata sul travagliato ed arduo ritorno di un sovrano al potere',  1995, 'Colonna', 'Guido', 'Bianchi'),
(6, 'Il ritorno del re 6',  'Una storia folgorante ed entusiasmante incentrata sul travagliato ed arduo ritorno di un sovrano al potere',  1996, 'Fandango', 'Vincenzino', 'Esposito'),
(7, 'Il ritorno del re 7',  'Una storia folgorante ed entusiasmante incentrata sul travagliato ed arduo ritorno di un sovrano al potere',  1997, 'Lucky Red', 'Giacomo', 'Zannelli'),
(8, 'Il ruggito del leone',  'Quando un umile lavoratore di ufficio si ritrova coinvolto in uno scandalo internazionale si trova costretto a diventare un agente segreto',  2000, 'Colonna', 'Sara', 'Della Valle'),
(9, 'Il ruggito del leone 2',  'Quando un umile lavoratore di ufficio si ritrova coinvolto in uno scandalo internazionale si trova costretto a diventare un agente segreto',  2001, 'Medusa Film', 'Luca', 'Fiore'),
(10, 'Il ruggito del leone 3',  'Quando un umile lavoratore di ufficio si ritrova coinvolto in uno scandalo internazionale si trova costretto a diventare un agente segreto',  2002, 'Mood Film', 'Luca', 'Fiore'),
(11, 'Il ruggito del leone 4',  'Quando un umile lavoratore di ufficio si ritrova coinvolto in uno scandalo internazionale si trova costretto a diventare un agente segreto',  2003, 'Cartoon One', 'Gabriele', 'Fabbricatore'),
(12, 'Il ruggito del leone 5',  'Quando un umile lavoratore di ufficio si ritrova coinvolto in uno scandalo internazionale si trova costretto a diventare un agente segreto',  2004, 'Cartoon One', 'Jasmine', 'Gallo'),
(13, 'Il ruggito del leone 6',  'Quando un umile lavoratore di ufficio si ritrova coinvolto in uno scandalo internazionale si trova costretto a diventare un agente segreto',  2005, 'Mikado Film', 'Giacomo', 'Zannelli'),
(14, 'Un drago per amico',  'Quando Arlon ritrova un misterioso uovo dentro il suo armadio la sua vita viene stravolta',  1999, 'Cemofilm', 'Lorenzo', 'Zannelli'),
(15, 'Un drago per amico 2',  'Quando Arlon ritrova un misterioso uovo dentro il suo armadio la sua vita viene stravolta',  2000, 'Cartoon One', 'Antonio', 'Scognamiglio'),
(16, 'Un drago per amico 3',  'Quando Arlon ritrova un misterioso uovo dentro il suo armadio la sua vita viene stravolta',  2001, 'Medusa Film', 'Tom', 'Fabbricatore'),
(17, 'Un drago per amico 4',  'Quando Arlon ritrova un misterioso uovo dentro il suo armadio la sua vita viene stravolta',  2002, 'Cristaldifilm', 'Jacopo', 'Fabbricatore'),
(18, 'Un drago per amico 5',  'Quando Arlon ritrova un misterioso uovo dentro il suo armadio la sua vita viene stravolta',  2003, 'Mari Film', 'Lorenzo', 'Fiore'),
(19, 'Il mio nome e\' vendetta',  'John ha solamente 8 anni quando sua madre viene brutalmente assalita ed uccisa da un noto serial killer',  2010, 'Milano Films', 'Gianmarco', 'Fabbricatore'),
(20, 'Il mio nome e\' vendetta 2',  'John ha solamente 8 anni quando sua madre viene brutalmente assalita ed uccisa da un noto serial killer',  2011, 'Colonna', 'Gabriele', 'Fabbricatore'),
(21, 'Il mio nome e\' vendetta 3',  'John ha solamente 8 anni quando sua madre viene brutalmente assalita ed uccisa da un noto serial killer',  2012, 'Cinecittà', 'Luca', 'Zannelli'),
(22, 'Il mio nome e\' vendetta 4',  'John ha solamente 8 anni quando sua madre viene brutalmente assalita ed uccisa da un noto serial killer',  2013, 'Cinecittà', 'Jasmine', 'Gallo'),
(23, 'Il mio nome e\' vendetta 5',  'John ha solamente 8 anni quando sua madre viene brutalmente assalita ed uccisa da un noto serial killer',  2014, 'Mikado Film', 'Alessio', 'Fabbricatore'),
(24, 'Il mio nome e\' vendetta 6',  'John ha solamente 8 anni quando sua madre viene brutalmente assalita ed uccisa da un noto serial killer',  2015, 'Warner', 'Vincenzino', 'Esposito'),
(25, 'Il mio nome e\' vendetta 7',  'John ha solamente 8 anni quando sua madre viene brutalmente assalita ed uccisa da un noto serial killer',  2016, 'Medusa Film', 'Tom', 'Fabbricatore'),
(26, 'Il mio nome e\' vendetta 8',  'John ha solamente 8 anni quando sua madre viene brutalmente assalita ed uccisa da un noto serial killer',  2017, 'Leone Film', 'Lorenzo', 'Zannelli'),
(27, 'Il ladro inaspettato',  'Un uomo che ruba non per necessita ma per puro piacere',  1990, 'Mad Entertainment', 'Boris', 'Esposito'),
(28, 'Il ladro inaspettato 2',  'Un uomo che ruba non per necessita ma per puro piacere',  1991, 'Moviemax', 'Tom', 'Fabbricatore'),
(29, 'Il ladro inaspettato 3',  'Un uomo che ruba non per necessita ma per puro piacere',  1992, 'Mari Film', 'Lorenzo', 'Zannelli'),
(30, 'Il ladro inaspettato 4',  'Un uomo che ruba non per necessita ma per puro piacere',  1993, 'Cristaldifilm', 'Tom', 'Rossi'),
(31, 'Il ladro inaspettato 5',  'Un uomo che ruba non per necessita ma per puro piacere',  1994, 'Mood Film', 'Giulio', 'Esposito'),
(32, 'Storia di un Pugile',  'Creed si impone come astro nascente del pugilato',  2000, 'Minerva Film', 'Sara', 'Della Valle'),
(33, 'Storia di un Pugile 2',  'Creed si impone come astro nascente del pugilato',  2001, 'Cristaldifilm', 'Diego', 'Scognamiglio'),
(34, 'Storia di un Pugile 3',  'Creed si impone come astro nascente del pugilato',  2002, 'Fandango', 'Lorenza', 'Fiore'),
(35, 'Storia di un Pugile 4',  'Creed si impone come astro nascente del pugilato',  2003, 'Mood Film', 'Giulio', 'Fabbricatore'),
(36, 'Storia di un Pugile 5',  'Creed si impone come astro nascente del pugilato',  2004, 'Moviemax', 'Lorenzo', 'Zannelli'),
(37, 'Il successo di Arm Strong',  'Storia di un uomo che ha trasformato il suo sogno nella sua vita',  2013, 'Colonna', 'Pasquale', 'Fabbricatore'),
(38, 'Il successo di Arm Strong 2',  'Storia di un uomo che ha trasformato il suo sogno nella sua vita',  2015, 'Minerva Film', 'Loris', 'Zannelli'),
(39, 'Il successo di Arm Strong 3',  'Storia di un uomo che ha trasformato il suo sogno nella sua vita',  2017 , 'Leone Film', 'Jacopo', 'Fabbricatore'),
(40, 'Il successo di Arm Strong 4',  'Storia di un uomo che ha trasformato il suo sogno nella sua vita',  2020 , 'Moviemax', 'Jasmine', 'Zannelli'),
(41, 'Il risvolto della medaglia',  'Da una domanda poco chiara possono spesso sorgere dubbi,  incertezze e preoccupazioni', 2003, 'Lucky Red', 'Luca', 'Zannelli'),
(42, 'Il risvolto della medaglia 2',  'Da una domanda poco chiara possono spesso sorgere dubbi,  incertezze e preoccupazioni', 2004, 'Lucky Red', 'Giacomo', 'Rossi'),
(43, 'Il risvolto della medaglia 3',  'Da una domanda poco chiara possono spesso sorgere dubbi,  incertezze e preoccupazioni', 2005, 'Warner', 'Lorenza', 'Fiore'),
(44, 'Il risvolto della medaglia 4',  'Da una domanda poco chiara possono spesso sorgere dubbi,  incertezze e preoccupazioni', 2006, 'Mad Entertainment', 'Luca', 'Fiore'),
(45, 'Dentro al Water',  'Riccardo si sarebbe aspettato veramente di tutto ma una cosa del genere mai',  2000, 'Cartoon One', 'Lorenzo', 'Fiore'),
(46, 'Dentro al Water 2',  'Riccardo si sarebbe aspettato veramente di tutto ma una cosa del genere mai',  2002, 'Cinecittà', 'Guido', 'Bianchi'),
(47, 'Dentro al Water 3',  'Riccardo si sarebbe aspettato veramente di tutto ma una cosa del genere mai',  2004, 'Latium Film ', 'Lorenzo', 'Zannelli'),
(48, 'Non per primo',  'Amato thriller che riesce a intrattenere e far rabbrividire anche i piu impavidi',  2010, 'Morgana film', 'Boris', 'Esposito'),
(49, 'V per Vittoria',  'Storia di un generale della seconda guerra mondiale',  2020, 'Mad Entertainment', 'Giacomo', 'Rossi'),
(50, 'Il risveglio di Nicola',  'Un ragazzino delle elementari correndo nel giardino di casa inciampa,  sbattendo contro un sasso e perdendo la memoria', 1991, 'Leone Film', 'Costanza', 'Gallo'),
(51, 'Il risveglio di Nicola 2',  'Un ragazzino delle elementari correndo nel giardino di casa inciampa,  sbattendo contro un sasso e perdendo la memoria', 1992, 'Leone Film', 'Luca', 'Zannelli'),
(52, 'Il risveglio di Nicola 3',  'Un ragazzino delle elementari correndo nel giardino di casa inciampa,  sbattendo contro un sasso e perdendo la memoria', 1995, 'Cinecittà', 'Antonio', 'Scognamiglio'),
(53, 'Il risveglio di Nicola 4',  'Un ragazzino delle elementari correndo nel giardino di casa inciampa,  sbattendo contro un sasso e perdendo la memoria' , 1998, 'Minerva Film', 'Alessio', 'Zannelli'),
(54, 'Una pistola per due',  'Descrizione non disponibile',  2020, 'Leone Film', 'Jasmine', 'Gallo'),
(55, 'Una pistola per due 2',  'Descrizione non disponibile',  2021, 'Medusa Film', 'Jasmine', 'Zannelli'),
(56, 'Si salvi chi puo',  'Impossibile salvarsi dal temuto mostro marino risvegliato a seguito di misteriosi esperimenti sovietici',  2003, 'Cartoon One', 'Giulio', 'Fabbricatore'),
(57, 'Si salvi chi puo 2',  'Impossibile salvarsi dal temuto mostro marino risvegliato a seguito di misteriosi esperimenti sovietici',  2005, 'Cristaldifilm', 'Costanza', 'Gallo'),
(58, 'Si salvi chi puo 3',  'Impossibile salvarsi dal temuto mostro marino risvegliato a seguito di misteriosi esperimenti sovietici',  2008, 'Minerva Film', 'Lorenzo', 'Fiore'),
(59, 'Un rientro improbabile',  'Quando Muan torna a casa incontra un suo vecchio amico di infanzia',  2000, 'Cristaldifilm', 'Lorenza', 'Fiore'),
(60, 'Un rientro improbabile 2',  'Quando Muan torna a casa incontra un suo vecchio amico di infanzia',  2003, 'Milano Films', 'Sara', 'Della Valle'),
(61, 'Ascesa della regina',  'Da un umile paesana a regina di un impero gigantesco',  1970, 'Moviemax', 'Luca', 'Zannelli'),
(62, 'Ascesa della regina 2',  'Da un umile paesana a regina di un impero gigantesco',  1971, 'Lucky Red', 'Lorenzo', 'Zannelli'),
(63, 'Ascesa della regina 3',  'Da un umile paesana a regina di un impero gigantesco',  1972, 'Cartoon One', 'Tom', 'Rossi'),
(64, 'Ascesa della regina 4',  'Da un umile paesana a regina di un impero gigantesco',  1973, 'Mari Film', 'Gianmarco', 'Fabbricatore'),
(65, 'Ascesa della regina 5',  'Da un umile paesana a regina di un impero gigantesco',  1974, 'Leone Film', 'Diego', 'Scognamiglio'),
(66, 'Ascesa della regina 6',  'Da un umile paesana a regina di un impero gigantesco',  1976, 'Morgana film', 'Giacomo', 'Rossi'),
(67, 'Ascesa della regina 7',  'Da un umile paesana a regina di un impero gigantesco',  1978, 'Mad Entertainment', 'Pasquale', 'Fabbricatore'),
(68, 'Ascesa della regina 8',  'Da un umile paesana a regina di un impero gigantesco',  1979, 'Warner', 'Giacomo', 'Rossi'),
(69, 'T-rex',  'A seguito degli esperimenti di uno scienziato pazzo un dinosauro viene riportato in vita',  2000, 'Morgana film', 'Giacomo', 'Zannelli'),
(70, 'T-rex 2',  'A seguito degli esperimenti di uno scienziato pazzo un dinosauro viene riportato in vita',  2001, 'Maga Animation Studio', 'Sara', 'Scognamiglio'),
(71, 'T-rex 3',  'A seguito degli esperimenti di uno scienziato pazzo un dinosauro viene riportato in vita',  2002, 'Maga Animation Studio', 'Giulio', 'Fabbricatore'),
(72, 'T-rex 4',  'A seguito degli esperimenti di uno scienziato pazzo un dinosauro viene riportato in vita',  2003, 'Minerva Film', 'Vincenzino', 'Esposito'),
(73, 'T-rex 5',  'A seguito degli esperimenti di uno scienziato pazzo un dinosauro viene riportato in vita',  2004, 'Cemofilm', 'Giulio', 'Fabbricatore'),
(74, 'T-rex 6 ',  'A seguito degli esperimenti di uno scienziato pazzo un dinosauro viene riportato in vita',  2005, 'Cinecittà', 'Giada', 'Della Valle'),
(75, 'T-rex 7',  'A seguito degli esperimenti di uno scienziato pazzo un dinosauro viene riportato in vita',  2006, 'Morgana film', 'Alessio', 'Zannelli'),
(76, 'T-rex 8',  'A seguito degli esperimenti di uno scienziato pazzo un dinosauro viene riportato in vita',  2007, 'Mood Film', 'Gianmarco', 'Fabbricatore'),
(77, 'La storia di un campione',  'Storia del campione di calcio Diego Maradona',  2007, 'Morgana film', 'Alessio', 'Zannelli'),
(78, 'La storia di un campione 2',  'Storia del campione di calcio Diego Maradona',  2009, 'Cartoon One', 'Antonio', 'Scognamiglio'),
(79, 'La storia di un campione 3',  'Storia del campione di calcio Diego Maradona',  2011, 'Morgana film', 'Pasquale', 'Fabbricatore'),
(80, 'Il tutto per tutto',  'Un agente segreto si ritrova bloccato in una base militare sovietica durante la guerra fredda',  2021, 'Cristaldifilm', 'Luca', 'Fiore'),
(81, 'Se continui mi fermo',  'Antonio perde completamente il senno per la bella e affascinante Sofia',  1980 , 'Cemofilm', 'Luca', 'Fiore'),
(82, 'Sherlock',  'Storia di un famosissimo detective inglese',  1961, 'Morgana film', 'Tom', 'Rossi'),
(83, 'Sherlock 2',  'Storia di un famosissimo detective inglese',  1962, 'Cartoon One', 'Giacomo', 'Rossi'),
(84, 'Sherlock 3 ',  'Storia di un famosissimo detective inglese',  1963, 'Cinecittà', 'Jasmine', 'Zannelli'),
(85, 'Sherlock 4',  'Storia di un famosissimo detective inglese',  1964 , 'Maga Animation Studio', 'Lorenzo', 'Zannelli'),
(86, 'Sherlock 5',  'Storia di un famosissimo detective inglese',  1966, 'Mood Film', 'Giulio', 'Esposito'),
(87, 'Sherlock 6',  'Storia di un famosissimo detective inglese',  1970, 'Fandango', 'Lorenzo', 'Fiore'),
(88, 'Il Disperato Faedo',  'Tutti cercano di scappare dalla terra arida e desolata del Faedo',  2000, 'Latium Film ', 'Gabriele', 'Fabbricatore'),
(89, 'Il Relais inospitale',  'A causa di forze superiore un gruppo di studenti universitari si ritrova in un ex hotel sperduto',  1999, 'Mood Film', 'Giulio', 'Fabbricatore'),
(90, 'Attenti a Fossabanda',  'Si vocifera l imminente arrivo del famigerato Fossabanda',  2000, 'Milano Films', 'Alessio', 'Zannelli'),
(91, 'La corsa per scuola',  'Tutti vorrebbero arrivarci ma purtroppo i posti sono limitati',  2000, 'Cinecittà', 'Giulio', 'Fabbricatore'),
(92, 'Tutti alle Imma',  'Tutti provano ad andarci ma non tutti riescono nell impresa',  2010 , 'Mari Film', 'Lorenza', 'Fiore'),
(93,'Tutti alle Imma 2',  'Tutti provano ad andarci ma non tutti riescono nell impresa',  2011, 'Moviemax', 'Sara', 'Della Valle'),
(94, 'Tutti alle Imma 3',  'Tutti provano ad andarci ma non tutti riescono nell impresa',  2012, 'Leone Film', 'Giada', 'Della Valle'),
(95, 'Spaccaossa',  'Un serial killer riesce a scappare da un carcere di massima sicurezza',  2020, 'Leone Film', 'Vincenzino', 'Esposito'),
(96, 'La sposa nel vento',  'Quando Anna viene lasciata all altare la sua vita cade a pezzi',  2021, 'Moviemax', 'Boris', 'Esposito'),
(97, 'Stessi Battiti',  'Descrizione non disponibile',  2000, 'Mari Film', 'Guido', 'Bianchi'),
(98, 'Vicini di Casa',  'Nobita scopre che il suo vicino di casa risulta essere un extraterrestre',  1998, 'Colonna', 'Costanza', 'Gallo'),
(99, 'Vicini di Casa 2',  'Nobita scopre che il suo vicino di casa risulta essere un extraterrestre',  2000, 'Mood Film', 'Sara', 'Scognamiglio');

REPLACE INTO VincitaPremio VALUES
('Oscar', 'Al miglior film', 2010, 32, NULL, NULL),
('Oscar', 'Al miglior film', 2011, 58, NULL, NULL),
('Oscar', 'Al miglior film', 2012, 40, NULL, NULL),
('Oscar', 'Al miglior film', 2013, 25, NULL, NULL),
('Oscar', 'Al miglior film', 2014, 18, NULL, NULL),
('Oscar', 'Al miglior film', 2015, 16, NULL, NULL),
('Oscar', 'Al miglior film', 2016, 24, NULL, NULL),
('Oscar', 'Al miglior film', 2017, 62, NULL, NULL),
('Oscar', 'Al miglior film', 2018, 34, NULL, NULL),
('Oscar', 'Al miglior film', 2019, 1, NULL, NULL),
('Oscar', 'Al miglior attore', 2010, 81, 'Lorenzo', 'Fiore'),
('Oscar', 'Al miglior attore', 2011, 9, 'Luca', 'Fiore'),
('Oscar', 'Al miglior attore', 2012, 67, 'Gabriele', 'Fabbricatore'),
('Oscar', 'Al miglior attore', 2013, 52, 'Alessio', 'Gallo'),
('Oscar', 'Al miglior attore', 2014, 69, 'Pasquale', 'Fabbricatore'),
('Oscar', 'Al miglior attore', 2015, 19, 'Sara', 'Della Valle'),
('Oscar', 'Al miglior attore', 2016, 19, 'Diego', 'Scognamiglio'),
('Oscar', 'Al miglior attore', 2017, 77, 'Alessio', 'Zannelli'),
('Oscar', 'Al miglior attore', 2018, 36, 'Vincenzino', 'Esposito'),
('Oscar', 'Al miglior attore', 2019, 10, 'Sara', 'Scognamiglio'),
('Oscar', 'Al miglior attore non protagonista', 2010, 60, 'Sara', 'Scognamiglio'),
('Oscar', 'Al miglior attore non protagonista', 2011, 91, 'Loris', 'Zannelli'),
('Oscar', 'Al miglior attore non protagonista', 2012, 59, 'Alessio', 'Fabbricatore'),
('Oscar', 'Al miglior attore non protagonista', 2013, 99, 'Giada', 'Della Valle'),
('Oscar', 'Al miglior attore non protagonista', 2014, 58, 'Diego', 'Scognamiglio'),
('Oscar', 'Al miglior attore non protagonista', 2015, 15, 'Antonio', 'Scognamiglio'),
('Oscar', 'Al miglior attore non protagonista', 2016, 90, 'Carmen', 'Zannelli'),
('Oscar', 'Al miglior attore non protagonista', 2017, 88, 'Pasquale', 'Fabbricatore'),
('Oscar', 'Al miglior attore non protagonista', 2018, 93, 'Guido', 'Fabbricatore'),
('Oscar', 'Al miglior attore non protagonista', 2019, 45, 'Lorenza', 'Fiore'),
('Oscar', 'Al miglior regista', 2010, 50, 'Giulio', 'Fabbricatore'),
('Oscar', 'Al miglior regista', 2011, 72, 'Sara', 'Scognamiglio'),
('Oscar', 'Al miglior regista', 2012, 48, 'Sara', 'Scognamiglio'),
('Oscar', 'Al miglior regista', 2013, 94, 'Sara', 'Scognamiglio'),
('Oscar', 'Al miglior regista', 2014, 31, 'Tom', 'Fabbricatore'),
('Oscar', 'Al miglior regista', 2015, 84, 'Alessio', 'Zannelli'),
('Oscar', 'Al miglior regista', 2016, 37, 'Lorenzo', 'Zannelli'),
('Oscar', 'Al miglior regista', 2017, 76, 'Alessio', 'Zannelli'),
('Oscar', 'Al miglior regista', 2018, 30, 'Gianmarco', 'Fabbricatore'),
('Oscar', 'Al miglior regista', 2019, 43, 'Carmen', 'Zannelli'),
('Oscar', 'Al miglior film in lingua straniera', 2010, 96, NULL, NULL),
('Oscar', 'Al miglior film in lingua straniera', 2011, 89, NULL, NULL),
('Oscar', 'Al miglior film in lingua straniera', 2012, 69, NULL, NULL),
('Oscar', 'Al miglior film in lingua straniera', 2013, 63, NULL, NULL),
('Oscar', 'Al miglior film in lingua straniera', 2014, 27, NULL, NULL),
('Oscar', 'Al miglior film in lingua straniera', 2015, 9, NULL, NULL),
('Oscar', 'Al miglior film in lingua straniera', 2016, 79, NULL, NULL),
('Oscar', 'Al miglior film in lingua straniera', 2017, 56, NULL, NULL),
('Oscar', 'Al miglior film in lingua straniera', 2018, 10, NULL, NULL),
('Oscar', 'Al miglior film in lingua straniera', 2019, 67, NULL, NULL);

REPLACE INTO Recitazione VALUES
(1,'Jacopo', 'Esposito'),
(1,'Giuseppe', 'Zannelli'),
(1,'Fernando', 'Zannelli'),
(1,'John', 'Gallo'),
(2,'Pasquale', 'Fabbricatore'),
(2,'Alessandro', 'Rossi'),
(2,'Giada', 'Bianchi'),
(2,'Vincenzo', 'De Simone'),
(3,'Federico', 'Esposito'),
(3,'Jasmine', 'Rossi'),
(3,'Luca', 'Esposito'),
(3,'Imma', 'Rossi'),
(4,'Jasmine', 'Rossi'),
(4,'Diego', 'Gallo'),
(4,'Vincenzo', 'De Simone'),
(4,'Lorenzo', 'Zannelli'),
(5,'Boris', 'Rossi'),
(5,'Marcello', 'Scognamiglio'),
(5,'Christian', 'Fiore'),
(5,'Giulia', 'Esposito'),
(6,'Boris', 'Esposito'),
(6,'Pasquale', 'Gallo'),
(6,'Luca', 'Fiore'),
(6,'Lorenzo', 'Fabbricatore'),
(7,'Jim', 'Bianchi'),
(7,'Jim', 'De Simone'),
(7,'Gianmarco', 'De Simone'),
(7,'Giulio', 'Fabbricatore'),
(8,'Giulia', 'Scognamiglio'),
(8,'Imma', 'Zannelli'),
(8,'Christian', 'Scognamiglio'),
(8,'Jacopo', 'Bianchi'),
(9,'Giada', 'Esposito'),
(9,'Giulia', 'Della Valle'),
(9,'Costanza', 'Della Valle'),
(9,'Michele', 'Fiore'),
(10,'Giuseppe', 'Della Valle'),
(10,'Diego', 'Rossi'),
(10,'Gabriele', 'Fiore'),
(10,'Diego', 'Rossi'),
(11,'Jasmine', 'Fabbricatore'),
(11,'Federico', 'Fiore'),
(11,'Alessio', 'Scognamiglio'),
(11,'Giulia', 'De Simone'),
(12,'John', 'Gallo'),
(12,'Alessio', 'Della Valle'),
(12,'Sara', 'Scognamiglio'),
(12,'Guido', 'Fiore'),
(13,'Lorenza', 'Zannelli'),
(13,'Giacomo', 'Zannelli'),
(13,'Gabriele', 'De Simone'),
(13,'Jasmine', 'Fiore'),
(14,'Imma', 'Esposito'),
(14,'Luca', 'Scognamiglio'),
(14,'Antonio', 'Esposito'),
(14,'Giulio', 'Zannelli'),
(15,'Jacopo', 'Zannelli'),
(15,'Gianmarco', 'De Simone'),
(15,'Costanza', 'Della Valle'),
(15,'Jasmine', 'De Simone'),
(16,'Vincenzino', 'Scognamiglio'),
(16,'Michele', 'Della Valle'),
(16,'Giada', 'Scognamiglio'),
(16,'Federico', 'Fabbricatore'),
(17,'Giulia', 'Fiore'),
(17,'Riccardo', 'Rossi'),
(17,'Jasmine', 'Scognamiglio'),
(17,'Christian', 'Scognamiglio'),
(18,'Marcello', 'Gallo'),
(18,'Simone', 'Zannelli'),
(18,'Loris', 'Fiore'),
(18,'Antonio', 'Fabbricatore'),
(19,'Pasquale', 'Della Valle'),
(19,'Letizia', 'Della Valle'),
(19,'Simone', 'Scognamiglio'),
(19,'Gianmarco', 'Bianchi'),
(20,'Michele', 'Gallo'),
(20,'Loris', 'De Simone'),
(20,'Giuseppe', 'Gallo'),
(20,'Antonio', 'Bianchi'),
(21,'Lorenzo', 'Bianchi'),
(21,'Alessandro', 'Rossi'),
(21,'Simone', 'Della Valle'),
(21,'John', 'De Simone'),
(22,'Fernando', 'Zannelli'),
(22,'Letizia', 'Bianchi'),
(22,'Fernando', 'Zannelli'),
(22,'Jasmine', 'Bianchi'),
(23,'Costanza', 'De Simone'),
(23,'Jasmine', 'Della Valle'),
(23,'Jim', 'De Simone'),
(23,'Vincenzino', 'De Simone'),
(24,'Fernando', 'Bianchi'),
(24,'Marcello', 'Gallo'),
(24,'Simone', 'Esposito'),
(24,'Antonio', 'Gallo'),
(25,'Giulia', 'Fabbricatore'),
(25,'Costanza', 'Rossi'),
(25,'Carmen', 'Fiore'),
(25,'Alessio', 'Della Valle'),
(26,'Alessandro', 'Gallo'),
(26,'Giuseppe', 'Fabbricatore'),
(26,'Simone', 'Rossi'),
(26,'Tom', 'De Simone'),
(27,'Antonio', 'Bianchi'),
(27,'Christian', 'Fiore'),
(27,'Gianmarco', 'Della Valle'),
(27,'Tom', 'Bianchi'),
(28,'Sara', 'Zannelli'),
(28,'Gabriele', 'Fiore'),
(28,'Giada', 'Fiore'),
(28,'Alessio', 'Bianchi'),
(29,'Imma', 'Zannelli'),
(29,'Giulio', 'Esposito'),
(29,'Marcello', 'Gallo'),
(29,'Lorenzo', 'Zannelli'),
(30,'Pasquale', 'De Simone'),
(30,'John', 'Gallo'),
(30,'Tom', 'Zannelli'),
(30,'Gabriele', 'Gallo'),
(31,'Gabriele', 'Esposito'),
(31,'Diego', 'Esposito'),
(31,'Giulio', 'De Simone'),
(31,'Giada', 'Zannelli'),
(32,'John', 'Fabbricatore'),
(32,'Fernando', 'Bianchi'),
(32,'Christian', 'Rossi'),
(32,'Sara', 'Bianchi'),
(33,'Boris', 'Bianchi'),
(33,'Federico', 'Della Valle'),
(33,'Marcello', 'Rossi'),
(33,'Riccardo', 'Fiore'),
(34,'Riccardo', 'De Simone'),
(34,'Michele', 'Fabbricatore'),
(34,'Jim', 'Bianchi'),
(34,'Letizia', 'Gallo'),
(35,'Sara', 'Fabbricatore'),
(35,'Guido', 'Fabbricatore'),
(35,'Jim', 'Della Valle'),
(35,'Imma', 'Esposito'),
(36,'Carmen', 'Fiore'),
(36,'Yarov', 'Gallo'),
(36,'Alessandro', 'Esposito'),
(36,'Jasmine', 'Gallo'),
(37,'Gabriele', 'Rossi'),
(37,'Alessio', 'Gallo'),
(37,'Antonino', 'Gallo'),
(37,'Letizia', 'Esposito'),
(38,'Jacopo', 'Fabbricatore'),
(38,'Giada', 'Scognamiglio'),
(38,'Luca', 'Gallo'),
(38,'Giada', 'Rossi'),
(39,'Imma', 'Zannelli'),
(39,'Gabriele', 'De Simone'),
(39,'Jasmine', 'Rossi'),
(39,'Giacomo', 'Della Valle'),
(40,'Gianmarco', 'Della Valle'),
(40,'Gianmarco', 'Scognamiglio'),
(40,'Yarov', 'Fabbricatore'),
(40,'Fernando', 'Bianchi'),
(41,'Giacomo', 'Fiore'),
(41,'Giulia', 'Bianchi'),
(41,'Antonio', 'Zannelli'),
(41,'Loris', 'Fabbricatore'),
(42,'Giacomo', 'De Simone'),
(42,'Alessandro', 'Fiore'),
(42,'Alessio', 'Bianchi'),
(42,'Federico', 'De Simone'),
(43,'Marcello', 'Bianchi'),
(43,'Gabriele', 'Scognamiglio'),
(43,'Giada', 'Gallo'),
(43,'John', 'Fiore'),
(44,'Alessio', 'Esposito'),
(44,'Costanza', 'Bianchi'),
(44,'Letizia', 'Bianchi'),
(44,'Marcello', 'Gallo'),
(45,'Lorenzo', 'Bianchi'),
(45,'Lorenzo', 'Zannelli'),
(45,'Michele', 'Zannelli'),
(45,'John', 'Della Valle'),
(46,'Giulio', 'Bianchi'),
(46,'Alessandro', 'Scognamiglio'),
(46,'Simone', 'De Simone'),
(46,'Giulio', 'Fabbricatore'),
(47,'Giada', 'Gallo'),
(47,'Carmen', 'Gallo'),
(47,'Jim', 'De Simone'),
(47,'Christian', 'Della Valle'),
(48,'Sara', 'Fiore'),
(48,'Antonio', 'Zannelli'),
(48,'Alessandro', 'Fiore'),
(48,'Diego', 'Della Valle'),
(49,'Sara', 'Fiore'),
(49,'Jasmine', 'Rossi'),
(49,'Antonino', 'De Simone'),
(49,'Fernando', 'Zannelli'),
(50,'Costanza', 'Fiore'),
(50,'Giulio', 'Scognamiglio'),
(50,'Vincenzo', 'Fabbricatore'),
(50,'Imma', 'Bianchi'),
(51,'Jasmine', 'Fiore'),
(51,'Giulia', 'Fabbricatore'),
(51,'Yarov', 'Gallo'),
(51,'Jacopo', 'Gallo'),
(52,'Lorenzo', 'Esposito'),
(52,'Gabriele', 'Esposito'),
(52,'Alessandro', 'Scognamiglio'),
(52,'Giuseppe', 'Fabbricatore'),
(53,'Sara', 'De Simone'),
(53,'Boris', 'Fiore'),
(53,'Christian', 'Rossi'),
(53,'Fernando', 'Fiore'),
(54,'Carmen', 'Rossi'),
(54,'Fernando', 'Della Valle'),
(54,'Pasquale', 'Scognamiglio'),
(54,'Antonio', 'De Simone'),
(55,'Fernando', 'Zannelli'),
(55,'Lorenza', 'Fabbricatore'),
(55,'Giuseppe', 'Esposito'),
(55,'Jasmine', 'Bianchi'),
(56,'Jacopo', 'Scognamiglio'),
(56,'Antonino', 'Scognamiglio'),
(56,'Imma', 'Zannelli'),
(56,'Loris', 'De Simone'),
(57,'Fernando', 'Bianchi'),
(57,'Lorenzo', 'Fabbricatore'),
(57,'Michele', 'Scognamiglio'),
(57,'Vincenzo', 'Della Valle'),
(58,'Alessandro', 'Zannelli'),
(58,'Antonio', 'Scognamiglio'),
(58,'Gabriele', 'Scognamiglio'),
(58,'Alessio', 'Rossi'),
(59,'Gabriele', 'De Simone'),
(59,'Guido', 'Gallo'),
(59,'Antonino', 'Della Valle'),
(59,'Riccardo', 'Fiore'),
(60,'Costanza', 'Fabbricatore'),
(60,'Lorenzo', 'De Simone'),
(60,'Letizia', 'Scognamiglio'),
(60,'Vincenzino', 'Fabbricatore'),
(61,'Yarov', 'Scognamiglio'),
(61,'Tom', 'Fabbricatore'),
(61,'Alessio', 'Fabbricatore'),
(61,'Alessio', 'Fabbricatore'),
(62,'Pasquale', 'Della Valle'),
(62,'Lorenza', 'De Simone'),
(62,'Federico', 'Bianchi'),
(62,'Guido', 'Esposito'),
(63,'Riccardo', 'Della Valle'),
(63,'Lorenza', 'Esposito'),
(63,'Antonino', 'Della Valle'),
(63,'Giuseppe', 'Esposito'),
(64,'Imma', 'Della Valle'),
(64,'Loris', 'Zannelli'),
(64,'Antonio', 'Rossi'),
(64,'Giulio', 'Della Valle'),
(65,'Giada', 'Zannelli'),
(65,'Giulia', 'Fiore'),
(65,'Imma', 'Bianchi'),
(65,'Christian', 'Rossi'),
(66,'Gianmarco', 'De Simone'),
(66,'Luca', 'Fabbricatore'),
(66,'Tom', 'Rossi'),
(66,'Imma', 'Esposito'),
(67,'Costanza', 'Gallo'),
(67,'Jasmine', 'De Simone'),
(67,'Lorenzo', 'De Simone'),
(67,'Jasmine', 'Scognamiglio'),
(68,'Tom', 'Zannelli'),
(68,'Diego', 'Gallo'),
(68,'Marcello', 'Fabbricatore'),
(68,'Riccardo', 'Della Valle'),
(69,'Lorenzo', 'Gallo'),
(69,'Giulio', 'Scognamiglio'),
(69,'Federico', 'Fiore'),
(69,'Pasquale', 'Rossi'),
(70,'Giada', 'Fabbricatore'),
(70,'Yarov', 'Fabbricatore'),
(70,'Federico', 'Della Valle'),
(70,'Pasquale', 'Gallo'),
(71,'Pasquale', 'Scognamiglio'),
(71,'Carmen', 'Scognamiglio'),
(71,'Giulia', 'Bianchi'),
(71,'Luca', 'Fiore'),
(72,'Marcello', 'Fiore'),
(72,'Carmen', 'Fiore'),
(72,'Sara', 'Fabbricatore'),
(72,'Sara', 'Gallo'),
(73,'Costanza', 'Rossi'),
(73,'Giulio', 'Scognamiglio'),
(73,'Jacopo', 'Fiore'),
(73,'Gianmarco', 'Fiore'),
(74,'Costanza', 'Scognamiglio'),
(74,'Alessio', 'Fiore'),
(74,'Simone', 'Fiore'),
(74,'Alessio', 'Bianchi'),
(75,'Federico', 'Fiore'),
(75,'Carmen', 'Fabbricatore'),
(75,'Alessandro', 'Scognamiglio'),
(75,'Lorenzo', 'Rossi'),
(76,'Vincenzo', 'Scognamiglio'),
(76,'Marcello', 'Rossi'),
(76,'Lorenzo', 'Fiore'),
(76,'Imma', 'Rossi'),
(77,'Vincenzo', 'Gallo'),
(77,'Costanza', 'Scognamiglio'),
(77,'Letizia', 'De Simone'),
(77,'Jacopo', 'Della Valle'),
(78,'John', 'Della Valle'),
(78,'Pasquale', 'Fiore'),
(78,'Giulio', 'Fabbricatore'),
(78,'Giulio', 'De Simone'),
(79,'Marcello', 'Bianchi'),
(79,'Antonino', 'Gallo'),
(79,'Sara', 'Scognamiglio'),
(79,'Christian', 'Rossi'),
(80,'Jim', 'Zannelli'),
(80,'Jasmine', 'Zannelli'),
(80,'Christian', 'Rossi'),
(80,'Marcello', 'Gallo'),
(81,'Alessio', 'Bianchi'),
(81,'Lorenza', 'Scognamiglio'),
(81,'Loris', 'Zannelli'),
(81,'Antonio', 'Gallo'),
(82,'Christian', 'Scognamiglio'),
(82,'Guido', 'Gallo'),
(82,'Gabriele', 'Bianchi'),
(82,'Gianmarco', 'Esposito'),
(83,'Carmen', 'De Simone'),
(83,'Gianmarco', 'Esposito'),
(83,'Antonio', 'Zannelli'),
(83,'Jacopo', 'Fiore'),
(84,'Jacopo', 'De Simone'),
(84,'Carmen', 'Della Valle'),
(84,'Antonino', 'Zannelli'),
(84,'Gabriele', 'Gallo'),
(85,'Lorenzo', 'Zannelli'),
(85,'Yarov', 'Fabbricatore'),
(85,'Giacomo', 'Fiore'),
(85,'Lorenza', 'Bianchi'),
(86,'Giulia', 'Fabbricatore'),
(86,'Gianmarco', 'Zannelli'),
(86,'Michele', 'Bianchi'),
(86,'Antonino', 'Della Valle'),
(87,'Antonino', 'Rossi'),
(87,'Loris', 'Bianchi'),
(87,'Vincenzo', 'Della Valle'),
(87,'Costanza', 'Zannelli'),
(88,'Sara', 'Esposito'),
(88,'Giacomo', 'Rossi'),
(88,'Fernando', 'Zannelli'),
(88,'Lorenza', 'Della Valle'),
(89,'Giada', 'Della Valle'),
(89,'Vincenzo', 'Gallo'),
(89,'Sara', 'Fiore'),
(89,'Carmen', 'Scognamiglio'),
(90,'Lorenza', 'Esposito'),
(90,'Vincenzino', 'Zannelli'),
(90,'Gabriele', 'Esposito'),
(90,'Costanza', 'Zannelli'),
(91,'Diego', 'Esposito'),
(91,'Yarov', 'Fiore'),
(91,'Luca', 'Zannelli'),
(91,'Sara', 'Bianchi'),
(92,'Pasquale', 'Scognamiglio'),
(92,'Alessio', 'Bianchi'),
(92,'Giuseppe', 'Fiore'),
(92,'Vincenzo', 'Gallo'),
(93,'Fernando', 'Gallo'),
(93,'Gianmarco', 'Scognamiglio'),
(93,'Marcello', 'Bianchi'),
(93,'Jasmine', 'Gallo'),
(94,'Lorenza', 'Esposito'),
(94,'Boris', 'Della Valle'),
(94,'Sara', 'Fabbricatore'),
(94,'Michele', 'Fiore'),
(95,'Gabriele', 'Bianchi'),
(95,'Vincenzo', 'Esposito'),
(95,'Sara', 'Zannelli'),
(95,'Luca', 'Rossi'),
(96,'John', 'Fiore'),
(96,'Simone', 'Esposito'),
(96,'Sara', 'Fabbricatore'),
(96,'Gianmarco', 'Esposito'),
(97,'Gianmarco', 'Fiore'),
(97,'Gabriele', 'Scognamiglio'),
(97,'Gabriele', 'Rossi'),
(97,'Carmen', 'Fabbricatore'),
(98,'Jim', 'Scognamiglio'),
(98,'Tom', 'Fiore'),
(98,'Vincenzino', 'Fiore'),
(98,'Alessandro', 'Fabbricatore'),
(99,'Fernando', 'Zannelli'),
(99,'Boris', 'Esposito'),
(99,'Lorenzo', 'Bianchi'),
(99,'Antonino', 'Della Valle');

REPLACE INTO Critica VALUES
(19, 1, 'Mi aspettavo di vedere un film meraviglioso ma in realta ho assistito ad uno spettacolo mediocre', '2022-09-02', 1.3),
(16, 2, 'Sicuramente un film pieno di pathos, passione e sentimento anche se scevro di una trama fondata', '2020-12-12', 2.7),
(3, 3, 'La parte iniziale risulta noiosa e quasi tediante, la seconda, a confronto, e una boccata d aria', '2020-07-19', 1.8),
(19, 4, 'Mio nipote avrebbe potuto girare un film migliore', '2021-05-07', 2.7),
(22, 5, 'Questo film mi ha sicuramente sorpreso anche se sono rimasto deluso dalla breve durata', '2021-08-05', 2.4),
(10, 6, 'Mi aspettavo di vedere un film meraviglioso ma in realta ho assistito ad uno spettacolo mediocre', '2022-05-12', 1.8),
(3, 7, 'Un film particolarmente emozionate ed entusiasmante, tuttavia manca chiaramente di effetti speciali', '2022-10-03', 2.0),
(18, 8, 'Mi sono amaramente pentito di aver pagato il prezzo del biglietto', '2021-12-18', 2.7),
(5, 9, 'Non ho apprezzato la mancanza di effetti speciali anche se la colonna sonora era meravigliosa', '2020-09-21', 1.2),
(2, 10, 'Forse non ne apprezzo le potenzialita ma non mi e piaciuto', '2020-11-13', 2.2),
(22, 11, 'Mi sono amaramente pentito di aver pagato il prezzo del biglietto', '2020-11-20', 1.3),
(13, 12, 'Non capisco il motivo per il quale le persone ne parlino bene onestamente', '2022-09-18', 2.0),
(14, 13, 'Un film tutto sommato mediocre, nulla di nuovo ma neanche brutto', '2022-10-26', 2.6),
(18, 14, 'Mi aspettavo di meglio da un regista di questo calibro', '2021-08-03', 2.8),
(18, 15, 'Questo film mi ha sicuramente sorpreso anche se sono rimasto deluso dalla breve durata', '2022-12-08', 1.1),
(14, 16, 'Non credo di essermi mai annoiato cosi tanto in vita mia', '2021-08-06', 3.0),
(6, 17, 'Questo film mi ha sicuramente sorpreso anche se sono rimasto deluso dalla breve durata', '2021-11-11', 2.3),
(19, 18, 'Non ho apprezzato la mancanza di effetti speciali anche se la colonna sonora era meravigliosa', '2022-12-14', 2.9),
(18, 19, 'Bello, nuovo ed originale sebbene sia incredibilmente lungo', '2020-09-09', 1.2),
(16, 20, 'Dire che sia sopravvalutato e un complimento ', '2022-11-15', 2.5),
(7, 21, 'Dire che sia sopravvalutato e un complimento ', '2021-07-01', 2.2),
(14, 22, 'Non credo di essermi mai annoiato cosi tanto in vita mia', '2022-06-25', 1.9),
(10, 23, 'Dire che sia sopravvalutato e un complimento ', '2022-06-25', 3.0),
(10, 24, 'Un film particolarmente emozionate ed entusiasmante, tuttavia manca chiaramente di effetti speciali', '2021-12-25', 1.2),
(7, 25, 'Un film particolarmente emozionate ed entusiasmante, tuttavia manca chiaramente di effetti speciali', '2021-01-04', 2.0),
(19, 26, 'Si potrebbe definire come un chiaro fiasco del regista', '2022-04-09', 1.2),
(21, 27, 'Mi sono amaramente pentito di aver pagato il prezzo del biglietto', '2021-01-22', 1.1),
(17, 28, 'La parte iniziale risulta noiosa e quasi tediante, la seconda, a confronto, e una boccata d aria', '2020-06-04', 2.2),
(16, 29, 'Non ho apprezzato la mancanza di effetti speciali anche se la colonna sonora era meravigliosa', '2020-04-21', 1.9),
(3, 30, 'Ho visto di meglio', '2022-02-10', 2.6),
(20, 31, 'Sicuramente un film pieno di pathos, passione e sentimento anche se scevro di una trama fondata', '2022-01-07', 1.9),
(5, 32, 'Non ho apprezzato la mancanza di effetti speciali anche se la colonna sonora era meravigliosa', '2020-09-18', 1.8),
(7, 33, 'Mi aspettavo di meglio da un regista di questo calibro', '2021-11-04', 2.9),
(10, 34, 'La parte iniziale risulta noiosa e quasi tediante, la seconda, a confronto, e una boccata d aria', '2022-04-05', 2.9),
(17, 35, 'Un film come tanti altri', '2020-04-13', 2.2),
(15, 36, 'Un film tutto sommato mediocre, nulla di nuovo ma neanche brutto', '2022-05-13', 3.0),
(7, 37, 'Il culmine della mediocrita', '2021-02-16', 1.2),
(5, 38, 'Mi aspettavo di vedere un film meraviglioso ma in realta ho assistito ad uno spettacolo mediocre', '2022-09-26', 2.9),
(19, 39, 'La parte iniziale risulta noiosa e quasi tediante, la seconda, a confronto, e una boccata d aria', '2022-05-16', 1.4),
(18, 40, 'Si potrebbe definire come un chiaro fiasco del regista', '2020-11-22', 1.9),
(6, 41, 'Non capisco il motivo per il quale le persone ne parlino bene onestamente', '2020-10-25', 1.5),
(17, 42, 'Non ho apprezzato la mancanza di effetti speciali anche se la colonna sonora era meravigliosa', '2022-06-17', 2.7),
(4, 43, 'Ancora mi chiedo come mai non me ne sia andato a meta film', '2021-05-23', 2.6),
(17, 44, 'Ancora mi chiedo come mai non me ne sia andato a meta film', '2022-09-02', 2.7),
(17, 45, 'Un film tutto sommato mediocre, nulla di nuovo ma neanche brutto', '2022-05-01', 2.2),
(7, 46, 'Un film tutto sommato mediocre, nulla di nuovo ma neanche brutto', '2022-03-08', 2.9),
(9, 47, 'Mio nipote avrebbe potuto girare un film migliore', '2022-05-02', 2.7),
(22, 48, 'Ho visto di meglio', '2021-08-25', 1.3),
(6, 49, 'Un film come tanti altri', '2022-07-05', 1.1),
(9, 50, 'La parte iniziale risulta noiosa e quasi tediante, la seconda, a confronto, e una boccata d aria', '2022-02-24', 1.3),
(11, 51, 'Un film come tanti altri', '2022-01-21', 2.0),
(6, 52, 'La parte iniziale risulta noiosa e quasi tediante, la seconda, a confronto, e una boccata d aria', '2022-12-22', 2.8),
(1, 53, 'Mi aspettavo di vedere un film meraviglioso ma in realta ho assistito ad uno spettacolo mediocre', '2020-03-02', 1.7),
(20, 54, 'Non capisco il motivo per il quale le persone ne parlino bene onestamente', '2022-12-12', 1.8),
(1, 55, 'Si potrebbe definire come un chiaro fiasco del regista', '2022-12-04', 1.8),
(14, 56, 'Un film come tanti altri', '2020-04-12', 2.1),
(6, 57, 'Forse non ne apprezzo le potenzialita ma non mi e piaciuto', '2021-08-23', 1.9),
(20, 58, 'Mi sono amaramente pentito di aver pagato il prezzo del biglietto', '2022-12-21', 1.1),
(21, 59, 'Sicuramente un film pieno di pathos, passione e sentimento anche se scevro di una trama fondata', '2021-02-27', 1.2),
(12, 60, 'Non credo di essermi mai annoiato cosi tanto in vita mia', '2022-09-12', 1.1),
(21, 61, 'Il culmine della mediocrita', '2020-06-02', 1.8),
(1, 62, 'Ho visto di meglio', '2020-01-22', 1.3),
(1, 63, 'Un film particolarmente emozionate ed entusiasmante, tuttavia manca chiaramente di effetti speciali', '2020-07-02', 1.5),
(11, 64, 'Ancora mi chiedo come mai non me ne sia andato a meta film', '2022-05-16', 2.1),
(9, 65, 'Il culmine della mediocrita', '2020-02-06', 1.8),
(2, 66, 'Bello, nuovo ed originale sebbene sia incredibilmente lungo', '2020-06-26', 2.2),
(13, 67, 'Sicuramente un film pieno di pathos, passione e sentimento anche se scevro di una trama fondata', '2020-01-22', 1.6),
(11, 68, 'Non credo di essermi mai annoiato cosi tanto in vita mia', '2022-04-18', 2.4),
(18, 69, 'Dire che sia sopravvalutato e un complimento ', '2022-12-01', 1.2),
(1, 70, 'Dire che sia sopravvalutato e un complimento ', '2022-12-11', 1.5),
(5, 71, 'La parte iniziale risulta noiosa e quasi tediante, la seconda, a confronto, e una boccata d aria', '2021-11-03', 2.7),
(18, 72, 'Ancora mi chiedo come mai non me ne sia andato a meta film', '2022-12-13', 2.4),
(1, 73, 'Non credo di essermi mai annoiato cosi tanto in vita mia', '2021-01-16', 3.0),
(3, 74, 'Bello, nuovo ed originale sebbene sia incredibilmente lungo', '2021-05-25', 2.6),
(21, 75, 'Un film tutto sommato mediocre, nulla di nuovo ma neanche brutto', '2021-01-04', 2.1),
(1, 76, 'La parte iniziale risulta noiosa e quasi tediante, la seconda, a confronto, e una boccata d aria', '2022-11-15', 1.1),
(1, 77, 'Sicuramente un film pieno di pathos, passione e sentimento anche se scevro di una trama fondata', '2020-04-09', 1.5),
(23, 78, 'Non capisco il motivo per il quale le persone ne parlino bene onestamente', '2022-02-03', 2.6),
(8, 79, 'Forse non ne apprezzo le potenzialita ma non mi e piaciuto', '2020-12-06', 2.0),
(15, 80, 'Sicuramente un film pieno di pathos, passione e sentimento anche se scevro di una trama fondata', '2022-06-26', 2.5),
(2, 81, 'Mi aspettavo di vedere un film meraviglioso ma in realta ho assistito ad uno spettacolo mediocre', '2022-01-04', 2.7),
(13, 82, 'Dire che sia sopravvalutato e un complimento ', '2022-01-11', 2.3),
(14, 83, 'Un film tutto sommato mediocre, nulla di nuovo ma neanche brutto', '2020-11-25', 1.5),
(14, 84, 'Ancora mi chiedo come mai non me ne sia andato a meta film', '2021-11-19', 2.4),
(18, 85, 'Un film particolarmente emozionate ed entusiasmante, tuttavia manca chiaramente di effetti speciali', '2022-04-19', 2.1),
(14, 86, 'Un film particolarmente emozionate ed entusiasmante, tuttavia manca chiaramente di effetti speciali', '2022-06-08', 1.1),
(12, 87, 'Mi aspettavo di vedere un film meraviglioso ma in realta ho assistito ad uno spettacolo mediocre', '2020-05-26', 2.0),
(20, 88, 'Un film tutto sommato mediocre, nulla di nuovo ma neanche brutto', '2022-04-06', 1.7),
(17, 89, 'Mi aspettavo di vedere un film meraviglioso ma in realta ho assistito ad uno spettacolo mediocre', '2021-10-15', 1.1),
(19, 90, 'Un film come tanti altri', '2020-05-13', 2.1),
(8, 91, 'Bello, nuovo ed originale sebbene sia incredibilmente lungo', '2022-05-18', 2.6),
(1, 92, 'Si potrebbe definire come un chiaro fiasco del regista', '2021-03-15', 1.3),
(23, 93, 'Mio nipote avrebbe potuto girare un film migliore', '2021-10-22', 1.8),
(17, 94, 'Ho visto di meglio', '2021-01-06', 2.0),
(2, 95, 'Un film particolarmente emozionate ed entusiasmante, tuttavia manca chiaramente di effetti speciali', '2020-06-03', 1.7),
(12, 96, 'Non credo di essermi mai annoiato cosi tanto in vita mia', '2022-04-20', 1.1),
(6, 97, 'Si potrebbe definire come un chiaro fiasco del regista', '2022-07-19', 1.4),
(15, 98, 'La parte iniziale risulta noiosa e quasi tediante, la seconda, a confronto, e una boccata d aria', '2021-11-05', 2.3),
(20, 99, 'Mi sono amaramente pentito di aver pagato il prezzo del biglietto', '2020-03-10', 2.7);
