DELETE FROM `Edizione`;
DELETE FROM `Restrizione`;
DELETE FROM `FormatoCodifica`;
DELETE FROM `File`;
DELETE FROM `Sottotitolaggio`;
DELETE FROM `Doppiaggio`;

REPLACE INTO `Edizione` (`ID`, `Film`, `Anno`, `Tipo`, `Lunghezza`, `RapportoAspetto`) VALUES
(1, 1, 2020, 'Edizione Blu-Ray',9840, 1.33),
(2, 1, 2020, 'Terza Edizione',7380, 1),
(3, 2, 2020, 'Prima Edizone',9960, 1.33),
(4, 2, 2020, 'Seconda Edizione',9780, 1.33),
(5, 3, 2020, 'Seconda Edizione',9000, 1.78),
(6, 4, 2020, 'Terza Edizione',6660, 1.33),
(7, 4, 2022, 'Prima Edizone',6480, 1.78),
(8, 5, 2020, 'Seconda Edizione',10320, 1),
(9, 6, 2021, 'Edizione Blu-Ray',7560, 1.33),
(10, 6, 2023, 'Seconda Edizione',8640, 1.33),
(11, 7, 2021, 'Prima Edizone',10680, 1.78),
(12, 8, 2021, 'Seconda Edizione',6840, 1),
(13, 9, 2023, 'Edizione Blu-Ray',7020, 1),
(14, 9, 2022, 'Terza Edizione',6660, 1),
(15, 10, 2023, 'Terza Edizione',8160, 1.33),
(16, 11, 2024, 'Seconda Edizione',9300, 1.78),
(17, 12, 2023, 'Terza Edizione',9060, 1.78),
(18, 12, 2021, 'Seconda Edizione',7440, 1),
(19, 13, 2023, 'Prima Edizione',9120, 1),
(20, 13, 2023, 'Terza Edizione',10380, 1.33),
(21, 14, 2020, 'Prima Edizione',5880, 1.78),
(22, 14, 2020, 'Seconda Edizione',7740, 1.78),
(23, 15, 2020, 'Edizione Blu-Ray',8820, 1),
(24, 16, 2023, 'Edizione Blu-Ray',10140, 1.78),
(25, 16, 2000, 'Edizione Blu-Ray',10680, 1.78),
(26, 17, 2023, 'Terza Edizione',7080, 1.33),
(27, 18, 2020, 'Seconda Edizione',8520, 1.33),
(28, 19, 2022, 'Edizione Blu-Ray',6000, 1.33),
(29, 20, 2021, 'Seconda Edizione',8460, 1.78),
(30, 20, 2023, 'Terza Edizione',8760, 1.78),
(31, 21, 2023, 'Prima Edizone',7560, 1.78),
(32, 21, 2021, 'Edizione Blu-Ray',9480, 1),
(33, 22, 2021, 'Edizione Blu-Ray',5700, 1.33),
(34, 22, 2022, 'Edizione Blu-Ray',10320, 1.33),
(35, 23, 2021, 'Seconda Edizione',6960, 1.78),
(36, 24, 2023, 'Seconda Edizione',8820, 1.33),
(37, 24, 2023, 'Prima Edizone',7620, 1),
(38, 25, 2020, 'Prima Edizone',6180, 1.78),
(39, 25, 2020, 'Edizione Blu-Ray',6480, 1.33),
(40, 26, 2020, 'Prima Edizone',10020, 1.33),
(41, 27, 2020, 'Terza Edizione',9600, 1),
(42, 28, 2023, 'Edizione Blu-Ray',9540, 1.78),
(43, 28, 2023, 'Edizione Blu-Ray',9660, 1),
(44, 29, 2024, 'Seconda Edizione',7200, 1),
(45, 29, 2024, 'Edizione Blu-Ray',7380, 1),
(46, 30, 2024, 'Seconda Edizione',8460, 1),
(47, 31, 2024, 'Prima Edizone',7500, 1),
(48, 32, 2023, 'Seconda Edizione',7500, 1),
(49, 32, 2022, 'Prima Edizone',8100, 1.78),
(50, 33, 2024, 'Edizione Blu-Ray',10320, 1.78),
(51, 34, 2024, 'Prima Edizone',6360, 1),
(52, 35, 2025, 'Prima Edizone',7920, 1),
(53, 35, 2024, 'Prima Edizone',10200, 1.33),
(54, 36, 2024, 'Seconda Edizione',8880, 1),
(55, 37, 2024, 'Seconda Edizione',9300, 1.33),
(56, 37, 2024, 'Edizione Blu-Ray',6180, 1.78),
(57, 38, 2024, 'Prima Edizone',5580, 1),
(58, 38, 2024, 'Prima Edizone',7500, 1),
(59, 39, 2024, 'Prima Edizone',9060, 1.78),
(60, 40, 2023, 'Prima Edizone',6780, 1.33),
(61, 40, 2022, 'Seconda Edizione',8220, 1.78),
(62, 41, 2023, 'Edizione Blu-Ray',10140, 1.33),
(63, 42, 2022, 'Seconda Edizione',7740, 1.33),
(64, 42, 2022, 'Terza Edizione',6780, 1.78),
(65, 43, 2022, 'Edizione Blu-Ray',10560, 1.33),
(66, 43, 2023, 'Terza Edizione',9000, 1.33),
(67, 44, 2021, 'Seconda Edizione',5640, 1.33),
(68, 45, 2020, 'Terza Edizione',6420, 1.78),
(69, 46, 2023, 'Prima Edizone',5400, 1),
(70, 47, 2023, 'Seconda Edizione',9720, 1.33),
(71, 47, 2023, 'Terza Edizione',8160, 1.78),
(72, 48, 2022, 'Terza Edizione',9180, 1),
(73, 48, 2021, 'Terza Edizione',5940, 1),
(74, 49, 2021, 'Terza Edizione',6960, 1),
(75, 50, 2020, 'Edizione Blu-Ray',10560, 1.78),
(76, 51, 2024, 'Seconda Edizione',7560, 1.78),
(77, 51, 2025, 'Prima Edizone',9180, 1),
(78, 52, 2022, 'Edizione Blu-Ray',9420, 1.78),
(79, 52, 2024, 'Prima Edizone',10320, 1.33),
(80, 53, 2023, 'Terza Edizione',6840, 1),
(81, 54, 2025, 'Edizione Blu-Ray',6060, 1.33),
(82, 54, 2023, 'Terza Edizione',5460, 1.33),
(83, 55, 2025, 'Edizione Blu-Ray',9180, 1.33),
(84, 56, 2022, 'Terza Edizione',8340, 1),
(85, 57, 2024, 'Seconda Edizione',8400, 1.78),
(86, 58, 2026, 'Prima Edizone',7980, 1.33),
(87, 59, 2025, 'Seconda Edizione',7680, 1),
(88, 60, 2022, 'Prima Edizone',10620, 1.33),
(89, 61, 2023, 'Edizione Blu-Ray',10680, 1.78),
(90, 62, 2021, 'Prima Edizone',7800, 1),
(91, 63, 2020, 'Terza Edizione',6180, 1.33),
(92, 63, 2023, 'Prima Edizone',9120, 1),
(93, 64, 2023, 'Prima Edizone',9540, 1.78),
(94, 65, 2024, 'Seconda Edizione',8640, 1.78),
(95, 65, 2020, 'Terza Edizione',9180, 1.33),
(96, 66, 2022, 'Terza Edizione',9360, 1),
(97, 67, 2022, 'Edizione Blu-Ray',7140, 1.78),
(98, 67, 2022, 'Prima Edizone',10740, 1.78),
(99, 68, 2022, 'Prima Edizone',8820, 1.78),
(100, 69, 2021, 'Terza Edizione',7140, 1.33),
(101, 70, 2020, 'Terza Edizione',10500, 1),
(102, 71, 2023, 'Terza Edizione',7200, 1),
(103, 71, 2026, 'Terza Edizione',5400, 1),
(104, 72, 2024, 'Terza Edizione',7920, 1.78),
(105, 73, 2024, 'Prima Edizone',10380, 1.78),
(106, 73, 2024, 'Prima Edizone',7380, 1.33),
(107, 74, 2022, 'Seconda Edizione',10020, 1.78),
(108, 75, 2022, 'Terza Edizione',6120, 1.33),
(109, 75, 2023, 'Seconda Edizione',5880, 1.78),
(110, 76, 2022, 'Seconda Edizione',9000, 1),
(111, 76, 2022, 'Prima Edizone',7260, 1),
(112, 77, 2023, 'Terza Edizione',10500, 1.78),
(113, 78, 2023, 'Terza Edizione',7260, 1.33),
(114, 78, 2021, 'Prima Edizone',5520, 1.33),
(115, 79, 2024, 'Prima Edizone',10440, 1),
(116, 79, 2024, 'Prima Edizone',7560, 1.33),
(117, 80, 2023, 'Prima Edizone',7200, 1.33),
(118, 80, 2023, 'Terza Edizione',5580, 1.78),
(119, 81, 2021, 'Prima Edizone',10500, 1),
(120, 81, 2020, 'Edizione Blu-Ray',8940, 1),
(121, 82, 2020, 'Terza Edizione',10740, 1.78),
(122, 82, 2022, 'Seconda Edizione',9000, 1.78),
(123, 83, 2022, 'Seconda Edizione',9960, 1.78),
(124, 84, 2023, 'Prima Edizone',8160, 1),
(125, 84, 2027, 'Edizione Blu-Ray',6120, 1),
(126, 85, 2026, 'Edizione Blu-Ray',9480, 1.33),
(127, 85, 2022, 'Prima Edizone',8940, 1),
(128, 86, 2020, 'Seconda Edizione',7380, 1.78),
(129, 87, 2024, 'Terza Edizione',6060, 1.33),
(130, 88, 2023, 'Seconda Edizione',8460, 1),
(131, 88, 2025, 'Prima Edizone',7800, 1),
(132, 89, 2026, 'Terza Edizione',8520, 1),
(133, 90, 2023, 'Edizione Blu-Ray',8160, 1.33),
(134, 91, 2025, 'Terza Edizione',7800, 1.33),
(135, 92, 2020, 'Edizione Blu-Ray',8460, 1),
(136, 93, 2024, 'Seconda Edizione',8580, 1.78),
(137, 93, 2020, 'Prima Edizone',8880, 1),
(138, 94, 2024, 'Seconda Edizione',7140, 1.78),
(139, 95, 2029, 'Terza Edizione',9060, 1.33),
(140, 95, 2024, 'Edizione Blu-Ray',6720, 1.78),
(141, 96, 2021, 'Edizione Blu-Ray',10320, 1.33),
(142, 97, 2021, 'Prima Edizone',5460, 1.78),
(143, 97, 2023, 'Prima Edizone',9660, 1.33),
(144, 98, 2024, 'Terza Edizione',8220, 1),
(145, 99, 2022, 'Terza Edizione',10200, 1.33),
(146, 99, 2022, 'Prima Edizone',7380, 1);

REPLACE INTO `Restrizione` (`Edizione`, `Paese`) VALUES
(65, 'AF'),
(102, 'AQ'),
(121, 'CO'),
(47, 'IT'),
(31, 'LT'),
(109, 'MG'),
(22, 'BR'),
(146, 'GB'),
(132, 'IL'),
(39, 'SB'),
(97, 'KH'),
(68, 'VA'),
(6, 'UZ'),
(14, 'SN'),
(66, 'SA'),
(69, 'LI'),
(8, 'AM'),
(146, 'KW'),
(124, 'GB'),
(15, 'CY'),
(55, 'HK'),
(129, 'LI'),
(24, 'GZ'),
(96, 'NI'),
(4, 'PA'),
(2, 'PA'),
(77, 'BF'),
(64, 'EG'),
(51, 'AD'),
(140, 'CR'),
(13, 'ET'),
(67, 'PA'),
(20, 'ES'),
(129, 'PH'),
(137, 'QA'),
(85, 'BV'),
(31, 'DZ'),
(90, 'SI'),
(135, 'ID'),
(95, 'RS'),
(51, 'AM'),
(37, 'UG'),
(63, 'NR'),
(31, 'NO'),
(20, 'AR'),
(37, 'AI'),
(50, 'MN'),
(27, 'PE'),
(51, 'BO'),
(40, 'FO'),
(46, 'ER'),
(63, 'LV'),
(30, 'FR'),
(116, 'SB'),
(1, 'PA'),
(70, 'PL'),
(21, 'GH'),
(142, 'GR'),
(88, 'AE'),
(133, 'GD'),
(68, 'GF'),
(15, 'RW'),
(22, 'DZ'),
(60, 'QA'),
(20, 'GH'),
(132, 'SH'),
(13, 'WF'),
(26, 'GI'),
(11, 'UZ'),
(50, 'TR'),
(139, 'IE'),
(4, 'UG'),
(119, 'HK'),
(137, 'XK'),
(5, 'MM'),
(38, 'PL'),
(3, 'CR'),
(1, 'KZ'),
(27, 'GZ'),
(74, 'IQ'),
(52, 'SG'),
(70, 'CK'),
(90, 'RO'),
(75, 'AO'),
(119, 'ML'),
(41, 'AR'),
(9, 'WS'),
(112, 'BT'),
(9, 'IE'),
(51, 'KH'),
(31, 'SD'),
(41, 'LI'),
(139, 'UA'),
(118, 'GG'),
(21, 'AE'),
(58, 'KZ'),
(118, 'SB'),
(24, 'IR'),
(37, 'XK'),
(61, 'SK'),
(102, 'BV'),
(117, 'CR'),
(17, 'FI'),
(83, 'GD'),
(138, 'RE'),
(69, 'BV'),
(46, 'ZM'),
(89, 'IL'),
(15, 'GM'),
(110, 'MK'),
(45, 'CK'),
(70, 'AR'),
(64, 'HK'),
(33, 'VC'),
(127, 'CL'),
(60, 'SK'),
(138, 'ID'),
(12, 'NZ'),
(76, 'GL'),
(76, 'CA'),
(53, 'ZM'),
(42, 'WF'),
(76, 'GH'),
(25, 'GE'),
(55, 'RS'),
(128, 'VU'),
(63, 'SI'),
(81, 'BW'),
(55, 'LU'),
(94, 'KW'),
(47, 'SO'),
(94, 'PE'),
(23, 'LB'),
(60, 'VG'),
(117, 'AQ'),
(41, 'OM'),
(85, 'EC'),
(96, 'CZ'),
(81, 'MC'),
(42, 'GG'),
(135, 'ML'),
(19, 'LS'),
(30, 'CO'),
(45, 'AD'),
(59, 'WS'),
(118, 'AT');

INSERT INTO `FormatoCodifica` (`Famiglia`, `Versione`, `Lossy`, `MaxBitRate`) VALUES
    ('ALAC', '1', FALSE, 100000000),
    ('ALAC', '2', FALSE, 100000000),
    ('ALAC', '3', FALSE, 100000000),
    ('MPEG-4', '1', TRUE, 200000000),
    ('MPEG-4', '2', TRUE, 200000000),
    ('MPEG-4', '3', TRUE, NULL),
    ('H', '264', FALSE, 100000000),
    ('H', '265', FALSE, 100000000);

REPLACE INTO `File` (
    `ID`, `Edizione`, 
    `Dimensione`, `BitRate`, `FormatoContenitore`, 
    `FamigliaAudio`, `VersioneAudio`, `FamigliaVideo`, `VersioneVideo`,
    `Risoluzione`, `FPS`, `BitDepth`, `Frequenza`) VALUES
(1, 1, 10187187, 220, 'mp4','MPEG-4','1','H','265',63165392,30,64,99057),
(2, 1, 4074428358, 29789990, 'mov','MPEG-4','2','H','265',98439795,30,4,20658),
(3, 2, 5375612894, 4607437, 'mp4','MPEG-4','1','H','265',2628178,30,64,53813),
(4, 2, 4225271128, 28263009, 'mov','ALAC','2','H','264',61747683,30,4,95766),
(5, 3, 3512442392, 8864591, 'mkv','MPEG-4','3','H','264',79406412,30,16,73077),
(6, 3, 8018336330, 20477703, 'mkv','ALAC','1','H','264',5731502,30,16,99401),
(7, 4, 3653270758, 27596897, 'mp4','MPEG-4','1','H','264',40112130,30,32,33876),
(8, 5, 7280247384, 30454654, 'mkv','MPEG-4','1','H','264',26430734,30,16,31093),
(9, 6, 1793906003, 31033487, 'mkv','MPEG-4','1','H','264',87807016,30,32,21156),
(10, 7, 3267726263, 15913817, 'mkv','MPEG-4','1','H','264',41611910,30,8,65000),
(11, 8, 9656074639, 21097127, 'mp4','ALAC','3','H','265',59561329,30,8,61386),
(12, 9, 4726483898, 18161573, 'mov','ALAC','1','H','264',78348393,30,4,43706),
(13, 10, 8778520213, 25214422, 'mkv','ALAC','1','H','265',34445702,30,64,59528),
(14, 10, 8815631191, 24138352, 'mov','MPEG-4','2','H','264',48789701,30,32,44160),
(15, 11, 7785483934, 23776519, 'mp4','ALAC','3','H','264',7748759,30,8,51747),
(16, 11, 3499979368, 26324983, 'mp4','MPEG-4','1','H','264',28350975,30,16,78995),
(17, 12, 9953468454, 7169592, 'mp4','MPEG-4','3','H','265',78188763,30,4,66688),
(18, 12, 7072383515, 21153440, 'avi','ALAC','1','H','264',91638912,30,32,82944),
(19, 13, 3262044170, 15973810, 'mkv','ALAC','1','H','265',82638676,30,32,69324),
(20, 14, 9075352916, 20928858, 'mkv','ALAC','3','H','265',54376365,30,4,29919),
(21, 14, 2103887764, 14216672, 'mov','ALAC','2','H','264',17265207,30,64,66474),
(22, 15, 5560963485, 13545979, 'avi','MPEG-4','3','H','264',42904534,30,64,41891),
(23, 15, 9851019336, 27207285, 'mp4','ALAC','1','H','264',64924579,30,16,85239),
(24, 16, 3195147109, 10096167, 'mp4','ALAC','1','H','265',52394004,30,32,30765),
(25, 16, 8662872283, 29721861, 'mp4','ALAC','3','H','264',40716364,30,4,30464),
(26, 17, 1128776479, 29744931, 'mp4','MPEG-4','2','H','265',88041787,30,16,71940),
(27, 18, 3039644061, 28127982, 'mov','MPEG-4','1','H','265',46722580,30,32,91652),
(28, 19, 7062061697, 17335865, 'mkv','MPEG-4','2','H','265',5401768,30,32,75139),
(29, 20, 9575660532, 26156569, 'avi','ALAC','3','H','265',84406949,30,8,25693),
(30, 20, 7676017370, 11365534, 'avi','MPEG-4','2','H','265',20538061,30,32,80092),
(31, 21, 2273910750, 8402917, 'mp4','MPEG-4','2','H','265',67402430,30,8,34157),
(32, 21, 6532572461, 19472237, 'mkv','MPEG-4','2','H','264',38754859,30,4,72500),
(33, 22, 8863385238, 7897496, 'mov','ALAC','1','H','264',58796643,30,4,28223),
(34, 23, 6520476689, 10764581, 'avi','ALAC','3','H','264',17403403,30,8,65716),
(35, 24, 4614233951, 30854229, 'mp4','MPEG-4','1','H','264',47405700,30,8,80388),
(36, 25, 6307384335, 3948511, 'avi','ALAC','1','H','264',73561467,30,8,55660),
(37, 25, 3463742278, 20657871, 'mov','ALAC','2','H','264',69687465,30,16,67772),
(38, 26, 3008885427, 21170657, 'mp4','ALAC','3','H','265',61767012,30,16,82611),
(39, 26, 4955697434, 21742287, 'avi','ALAC','3','H','264',97408885,30,16,53699),
(40, 27, 7481063713, 12888654, 'mkv','ALAC','2','H','265',96813920,30,4,62627),
(41, 27, 4441419363, 16125993, 'mp4','ALAC','3','H','264',78941830,30,64,28870),
(42, 28, 8880159202, 30357216, 'avi','MPEG-4','1','H','265',82421911,30,8,88299),
(43, 28, 1360536475, 8602404, 'mov','ALAC','3','H','264',23812610,30,4,54610),
(44, 29, 6142398610, 16561343, 'mov','MPEG-4','2','H','264',29985525,30,8,35535),
(45, 30, 7096410004, 9381263, 'avi','ALAC','1','H','264',17818664,30,4,70727),
(46, 31, 6644835070, 4240011, 'avi','ALAC','2','H','265',71847339,30,64,44162),
(47, 32, 7019299337, 10427673, 'mp4','ALAC','3','H','265',18243643,30,4,36134),
(48, 32, 8907694916, 31241762, 'mov','ALAC','3','H','264',66719387,30,32,77104),
(49, 33, 8448223283, 5339742, 'mkv','MPEG-4','1','H','265',38438424,30,32,80347),
(50, 34, 2289800317, 9650272, 'mp4','MPEG-4','3','H','264',68182301,30,4,90476),
(51, 35, 1571782112, 25217583, 'mov','MPEG-4','2','H','264',78796846,30,16,77911),
(52, 36, 7302334927, 19057647, 'mkv','MPEG-4','2','H','264',14582918,30,4,39258),
(53, 37, 3528990630, 27748045, 'mov','ALAC','2','H','264',46284362,30,4,65759),
(54, 37, 3233579978, 21827712, 'avi','MPEG-4','2','H','264',95882622,30,32,99746),
(55, 38, 9890877665, 11513241, 'mkv','ALAC','1','H','264',49621949,30,32,31029),
(56, 38, 3105881223, 20466549, 'mkv','ALAC','1','H','265',29228582,30,8,60926),
(57, 39, 8809286693, 21524379, 'mov','ALAC','3','H','265',24493585,30,64,76458),
(58, 39, 2866314889, 13931432, 'mov','ALAC','1','H','265',76343471,30,32,73124),
(59, 40, 9799476128, 15296814, 'mkv','ALAC','1','H','264',95142285,30,4,80070),
(60, 40, 9085674996, 22362477, 'avi','ALAC','3','H','265',83549023,30,8,83689),
(61, 41, 5378804278, 29582639, 'avi','MPEG-4','1','H','264',89964355,30,32,73252),
(62, 42, 2798549661, 21917447, 'mkv','ALAC','3','H','264',4202055,30,64,64485),
(63, 43, 1862677059, 10135482, 'mov','ALAC','1','H','264',50769003,30,64,80690),
(64, 44, 9093983171, 5845965, 'avi','MPEG-4','1','H','265',42343870,30,8,68549),
(65, 45, 8568189818, 24771406, 'mp4','ALAC','1','H','264',36873950,30,16,25788),
(66, 45, 6053038619, 21522055, 'mp4','ALAC','2','H','264',35985546,30,4,44348),
(67, 46, 5951170510, 18361357, 'mkv','ALAC','2','H','265',54513389,30,4,87536),
(68, 47, 2104057517, 25023197, 'mov','ALAC','3','H','264',1866344,30,64,78917),
(69, 48, 9795888092, 11293642, 'avi','MPEG-4','3','H','265',59995317,30,64,52171),
(70, 49, 4288012221, 4364325, 'avi','MPEG-4','1','H','264',26022256,30,16,91737),
(71, 50, 1466605191, 17273516, 'mp4','ALAC','2','H','265',53413001,30,64,87655),
(72, 50, 7218189723, 29335611, 'mp4','MPEG-4','2','H','264',13466870,30,4,70679),
(73, 51, 7577812061, 17064405, 'mkv','MPEG-4','3','H','264',64961188,30,4,74418),
(74, 52, 2587191015, 29796354, 'mov','MPEG-4','1','H','264',37478191,30,16,91272),
(75, 53, 7202395925, 30425376, 'mp4','MPEG-4','3','H','264',92750422,30,8,38778),
(76, 54, 7374557653, 29035265, 'mov','ALAC','1','H','265',42249739,30,32,94693),
(77, 55, 9353952143, 22296054, 'avi','MPEG-4','2','H','265',15208526,30,8,61434),
(78, 56, 1159021221, 29962791, 'mkv','MPEG-4','2','H','264',3060723,30,4,33737),
(79, 57, 7770243367, 7253062, 'avi','ALAC','1','H','265',53555720,30,4,92687),
(80, 58, 2662556001, 22727930, 'mkv','ALAC','1','H','265',69976044,30,16,86427),
(81, 59, 7769618681, 8948273, 'mov','MPEG-4','1','H','264',84229457,30,64,38954),
(82, 60, 5357239540, 6569406, 'mp4','MPEG-4','2','H','264',55061049,30,64,92826),
(83, 61, 4134793891, 25692992, 'mov','MPEG-4','1','H','264',87429304,30,8,66392),
(84, 62, 2910272226, 24181821, 'avi','MPEG-4','2','H','265',49015098,30,64,64906),
(85, 62, 2655336724, 31281039, 'mkv','MPEG-4','2','H','264',44081520,30,8,43233),
(86, 63, 7238663821, 22875794, 'avi','MPEG-4','3','H','265',30893548,30,32,44692),
(87, 64, 6692681376, 4284883, 'mov','MPEG-4','3','H','265',74515957,30,8,99769),
(88, 65, 4910717381, 25305026, 'mkv','ALAC','3','H','265',19753240,30,64,75443),
(89, 66, 3108394827, 28672206, 'avi','ALAC','1','H','265',60274247,30,64,75658),
(90, 67, 1973575855, 6559183, 'mp4','MPEG-4','3','H','265',92542528,30,64,65414),
(91, 68, 7341895014, 26379128, 'mov','ALAC','1','H','265',8743450,30,16,64290),
(92, 69, 9346533633, 30473367, 'avi','ALAC','1','H','265',51662702,30,16,73654),
(93, 70, 8991394780, 15823453, 'mov','MPEG-4','3','H','265',84622702,30,32,99517),
(94, 71, 7609234139, 25059969, 'mp4','MPEG-4','3','H','264',5126062,30,4,20626),
(95, 71, 7698760193, 28620506, 'mp4','ALAC','3','H','264',50542089,30,16,75260),
(96, 72, 9488541584, 13129830, 'mov','ALAC','3','H','265',82783172,30,16,47223),
(97, 72, 6666920683, 20870349, 'avi','ALAC','1','H','265',70080309,30,16,41538),
(98, 73, 7323607892, 14314034, 'mp4','MPEG-4','3','H','264',92020214,30,32,82704),
(99, 73, 3891433781, 11497538, 'avi','ALAC','2','H','264',47765783,30,16,43464),
(100, 74, 6438631515, 3419025, 'mp4','MPEG-4','1','H','264',43469992,30,32,32488),
(101, 74, 3753775391, 4865407, 'mkv','ALAC','1','H','264',20656767,30,16,34540),
(102, 75, 9084429810, 3867152, 'mov','MPEG-4','1','H','265',98020915,30,64,30619),
(103, 75, 7749614251, 30668216, 'mkv','ALAC','2','H','265',49485161,30,4,44591),
(104, 76, 7751881228, 6602681, 'mov','ALAC','2','H','265',29142950,30,16,46729),
(105, 77, 1041362602, 9015831, 'avi','ALAC','2','H','264',37233332,30,8,73390),
(106, 77, 6583728888, 12096222, 'mkv','MPEG-4','3','H','265',51004544,30,64,90042),
(107, 78, 2331230643, 29490568, 'mov','MPEG-4','1','H','265',16556329,30,4,72078),
(108, 79, 9603455649, 13397252, 'mp4','MPEG-4','2','H','264',50016915,30,4,77038),
(109, 79, 5483405205, 23526588, 'avi','MPEG-4','1','H','265',36451034,30,16,38851),
(110, 80, 9183521451, 10011206, 'mov','ALAC','3','H','264',79302463,30,64,78851),
(111, 81, 3462567094, 29521027, 'mkv','ALAC','1','H','264',16419267,30,4,29239),
(112, 81, 1625274603, 30061805, 'mkv','MPEG-4','3','H','265',42339050,30,32,22648),
(113, 82, 5555062285, 9633299, 'mov','ALAC','1','H','264',44778498,30,8,25747),
(114, 83, 9029270549, 9812253, 'avi','MPEG-4','2','H','265',94614363,30,32,56002),
(115, 83, 9136709332, 22231709, 'mp4','ALAC','3','H','264',88799625,30,32,91280),
(116, 84, 3180471482, 30127091, 'avi','ALAC','3','H','265',91397190,30,16,93743),
(117, 85, 1410178662, 10036426, 'mkv','MPEG-4','3','H','264',5176685,30,64,36606),
(118, 86, 4975502248, 6122302, 'mp4','MPEG-4','3','H','265',8145734,30,8,70391),
(119, 86, 9272252359, 4190877, 'mkv','ALAC','1','H','264',83878036,30,32,26047),
(120, 87, 3145755854, 13703465, 'avi','ALAC','3','H','265',98084399,30,16,39053),
(121, 87, 9655214849, 28477086, 'mkv','MPEG-4','2','H','265',98955885,30,32,95514),
(122, 88, 4487225609, 15145890, 'avi','MPEG-4','3','H','265',76765210,30,32,56318),
(123, 88, 6063814975, 12533367, 'avi','ALAC','3','H','264',84647060,30,16,68470),
(124, 89, 5434051752, 16162388, 'mkv','MPEG-4','1','H','264',37653145,30,8,93122),
(125, 90, 7580482398, 5520018, 'avi','ALAC','1','H','264',78666322,30,64,34485),
(126, 90, 8801281273, 27259662, 'mp4','MPEG-4','2','H','264',4972289,30,8,74182),
(127, 91, 2853951157, 14706827, 'avi','MPEG-4','1','H','265',29469258,30,32,41876),
(128, 92, 7069779383, 25722364, 'mp4','ALAC','3','H','265',3714629,30,64,73746),
(129, 93, 9224454979, 22399986, 'mkv','ALAC','1','H','265',79115168,30,64,66239),
(130, 93, 7883812861, 30564337, 'mp4','MPEG-4','3','H','265',43237062,30,64,73780),
(131, 94, 9522286599, 27178077, 'mp4','MPEG-4','1','H','264',59605847,30,32,87279),
(132, 95, 7253993323, 3584573, 'mkv','ALAC','1','H','265',34357909,30,8,77742),
(133, 96, 2439915793, 20476713, 'mp4','MPEG-4','1','H','264',16322119,30,16,93958),
(134, 96, 7381286133, 17804909, 'avi','MPEG-4','3','H','265',9590523,30,4,32865),
(135, 97, 5905658547, 17911858, 'mkv','MPEG-4','1','H','265',86396076,30,16,88260),
(136, 98, 4518645149, 26087307, 'avi','ALAC','3','H','264',69748234,30,4,88565),
(137, 99, 4833633572, 11447516, 'avi','ALAC','1','H','265',57310426,30,32,82023),
(138, 99, 4504783058, 23883012, 'avi','ALAC','2','H','265',87226048,30,8,41881),
(139, 100, 3251494003, 6731357, 'mov','ALAC','2','H','264',68931772,30,32,99169),
(140, 100, 1807107404, 9385601, 'avi','MPEG-4','3','H','264',14535513,30,8,36141),
(141, 101, 9614047823, 16884002, 'mkv','MPEG-4','2','H','265',86677987,30,4,84161),
(142, 101, 2550648332, 12023248, 'mkv','MPEG-4','2','H','264',40329434,30,4,41718),
(143, 102, 5637693827, 21975907, 'avi','MPEG-4','3','H','264',3892730,30,16,53246),
(144, 103, 1690349227, 29700448, 'mkv','ALAC','3','H','265',27230349,30,16,21027),
(145, 104, 1362632064, 26432186, 'mkv','MPEG-4','3','H','265',50355157,30,32,76996),
(146, 105, 6062975891, 8090114, 'mkv','ALAC','2','H','264',73717646,30,32,63097),
(147, 105, 2512650536, 18054192, 'avi','ALAC','2','H','265',27310680,30,4,37087),
(148, 106, 8495107369, 31378950, 'mov','MPEG-4','2','H','264',54224620,30,8,64554),
(149, 107, 4947486960, 21912990, 'avi','MPEG-4','3','H','264',56005323,30,32,35016),
(150, 107, 2974859267, 19209874, 'mov','MPEG-4','2','H','264',62896924,30,4,84542),
(151, 108, 2808544985, 19229022, 'mov','ALAC','2','H','265',96398882,30,4,21623),
(152, 108, 8447869953, 21269017, 'mkv','ALAC','1','H','265',31524451,30,32,30196),
(153, 109, 3169862155, 6850051, 'mov','ALAC','3','H','265',88626805,30,16,21876),
(154, 110, 4031244903, 10321713, 'mkv','ALAC','2','H','265',73952595,30,8,80406),
(155, 110, 1584906955, 23467652, 'mkv','MPEG-4','3','H','264',58032298,30,64,30967),
(156, 111, 7754615360, 30084497, 'mp4','ALAC','1','H','265',33495609,30,8,85009),
(157, 111, 8847667514, 15900835, 'mkv','ALAC','1','H','264',46595967,30,64,95390),
(158, 112, 1990486078, 22519418, 'mp4','MPEG-4','3','H','265',15566376,30,16,83558),
(159, 113, 2907188759, 20861405, 'mp4','ALAC','2','H','265',21839227,30,4,33146),
(160, 114, 9003856075, 8790766, 'mp4','MPEG-4','3','H','265',73742899,30,16,23788),
(161, 114, 7913605633, 3705579, 'mov','MPEG-4','3','H','265',78978139,30,32,90127),
(162, 115, 7075373730, 6746251, 'mov','MPEG-4','3','H','264',93170342,30,4,39137),
(163, 115, 8052088694, 13861044, 'avi','MPEG-4','2','H','265',41688682,30,8,46563),
(164, 116, 4783992216, 19317621, 'avi','ALAC','2','H','265',22961308,30,16,49263),
(165, 116, 6764177111, 20553305, 'avi','MPEG-4','1','H','264',86228634,30,8,73956),
(166, 117, 6707792468, 18719417, 'avi','MPEG-4','2','H','265',36859244,30,16,34026),
(167, 118, 6100597975, 24406171, 'avi','MPEG-4','1','H','265',43482622,30,8,54915),
(168, 118, 8028233791, 22124789, 'mkv','ALAC','3','H','265',28221806,30,8,92340),
(169, 119, 7524889223, 4537888, 'mov','MPEG-4','2','H','264',70631253,30,32,89554),
(170, 120, 3689213679, 18173969, 'mp4','ALAC','3','H','264',69195644,30,16,88491),
(171, 121, 5876165957, 24996635, 'mkv','ALAC','1','H','265',74819306,30,8,42144),
(172, 122, 6929361908, 3428987, 'mkv','MPEG-4','1','H','264',4180479,30,16,38229),
(173, 122, 1802950086, 30164965, 'avi','MPEG-4','2','H','265',39593044,30,64,66107),
(174, 123, 3889228778, 15747562, 'mp4','ALAC','3','H','264',15695920,30,32,88513),
(175, 124, 3938390688, 19437152, 'mov','ALAC','1','H','265',67361082,30,32,25938),
(176, 125, 6933400930, 19556712, 'avi','ALAC','3','H','264',47781428,30,4,68789),
(177, 126, 8623552140, 18821129, 'avi','ALAC','2','H','264',37645410,30,4,48088),
(178, 126, 8866076748, 14008035, 'mov','ALAC','3','H','265',48082969,30,32,25185),
(179, 127, 8602834719, 15775171, 'mov','MPEG-4','1','H','265',89503352,30,16,27287),
(180, 128, 7877857330, 12258386, 'avi','ALAC','3','H','264',25743681,30,32,69749),
(181, 129, 5427291921, 6568383, 'mp4','MPEG-4','1','H','264',70823659,30,4,39402),
(182, 130, 8487392872, 28646039, 'mov','MPEG-4','2','H','265',17823094,30,8,90781),
(183, 131, 8359262756, 9560975, 'mkv','MPEG-4','2','H','265',49232713,30,64,65035),
(184, 132, 2781550090, 25161841, 'mkv','MPEG-4','1','H','264',10032600,30,4,78872),
(185, 133, 8501702085, 30917731, 'avi','MPEG-4','2','H','264',80940558,30,32,71198),
(186, 134, 8341451386, 3544476, 'mov','ALAC','3','H','265',80096614,30,8,61651),
(187, 135, 3919684688, 4713182, 'mp4','ALAC','2','H','264',74763443,30,8,78739),
(188, 136, 3373149978, 20696264, 'mp4','ALAC','1','H','265',84204728,30,64,53534),
(189, 137, 6660238520, 19243234, 'mkv','ALAC','1','H','264',3028745,30,16,79956),
(190, 138, 6495699239, 18066471, 'mov','MPEG-4','2','H','265',29813597,30,4,29348),
(191, 138, 5800585996, 26785169, 'mp4','ALAC','3','H','264',24662337,30,8,98778),
(192, 139, 5965622190, 7202030, 'avi','MPEG-4','2','H','264',75760785,30,4,43797),
(193, 140, 9128933543, 6013641, 'avi','ALAC','2','H','264',38462844,30,32,39144),
(194, 141, 2058958207, 12313974, 'mp4','MPEG-4','3','H','264',76568956,30,4,30528),
(195, 142, 7544639330, 30427627, 'mov','MPEG-4','1','H','264',19573953,30,32,52215),
(196, 142, 2880915689, 30838358, 'mp4','MPEG-4','3','H','265',10972814,30,64,61445),
(197, 143, 9016867177, 26406068, 'avi','MPEG-4','2','H','265',50168800,30,16,32967),
(198, 144, 4010921984, 27933031, 'avi','MPEG-4','3','H','265',40584514,30,8,20657),
(199, 145, 9457283474, 22890787, 'mkv','MPEG-4','2','H','264',58323046,30,4,61067),
(200, 145, 8772276154, 12880515, 'mov','MPEG-4','3','H','264',54081837,30,64,24635),
(201, 146, 8610044516, 26380975, 'mkv','ALAC','2','H','264',10625634,30,64,41308);


REPLACE INTO `Doppiaggio` (`File`, `Lingua`) VALUES
(1, 'Slovacco'),
(1, 'Indonesiano'),
(1, 'Rumeno'),
(2, 'Catalano'),
(2, 'Pohnpeiano'),
(2, 'Francese'),
(2, 'Bielorusso'),
(3, 'Malgascio'),
(3, 'Ruteno'),
(4, 'Sindhi'),
(4, 'Yue'),
(4, 'Islandese'),
(4, 'Inglese'),
(5, 'Nepalese'),
(5, 'Georgiano'),
(6, 'Islandese'),
(6, 'Faroese'),
(7, 'Danese'),
(7, 'Turkmeno'),
(7, 'Groenlandese'),
(7, 'Irlandese'),
(8, 'Creolo'),
(8, 'Moldavo'),
(8, 'Norvegese'),
(8, 'Shona'),
(9, 'Creolo'),
(9, 'Swahili'),
(9, 'Ruteno'),
(9, 'Ucraino'),
(10, 'Ungherese'),
(10, 'Giapponese'),
(10, 'Croato'),
(10, 'Figiano'),
(11, 'Pohnpeiano'),
(11, 'Slovacco'),
(12, 'Inglese'),
(12, 'Slovacco'),
(13, 'Thai'),
(13, 'Ladino'),
(14, 'Pashto'),
(14, 'Monegasco'),
(15, 'Curdo'),
(15, 'Lettone'),
(16, 'Ucraino'),
(16, 'Svedese'),
(16, 'Polacco'),
(17, 'Papiamento'),
(17, 'Hindi'),
(17, 'Malgascio'),
(17, 'Lussemburghese'),
(18, 'Olandese'),
(18, 'Kannada'),
(18, 'Chichewa'),
(19, 'Malese'),
(19, 'Tamil'),
(19, 'Bislamo'),
(20, 'Monegasco'),
(20, 'Italiano'),
(21, 'Lussemburghese'),
(21, 'Gujarati'),
(22, 'Maithili'),
(22, 'Uzbeko'),
(23, 'Somalo'),
(23, 'Urdu'),
(24, 'Lussemburghese'),
(24, 'Turkmeno'),
(24, 'Gilbertese'),
(24, 'Tswana'),
(25, 'Ladino'),
(25, 'Olandese'),
(25, 'Ruteno'),
(26, 'Indonesiano'),
(26, 'Marshallese'),
(26, 'Hawaiano'),
(26, 'Singalese'),
(27, 'Kannada'),
(27, 'Bielorusso'),
(27, 'Marshallese'),
(27, 'Chamorro'),
(28, 'Francese'),
(28, 'Figiano'),
(28, 'Pohnpeiano'),
(28, 'Kosraese'),
(29, 'Ungherese'),
(29, 'Turkmeno'),
(29, 'Olandese'),
(30, 'Persiano'),
(30, 'Tedesco'),
(31, 'Inglese'),
(31, 'Spagnolo'),
(31, 'Lituano'),
(31, 'Zulu'),
(32, 'Chamorro'),
(32, 'Sindhi'),
(32, 'Hindi'),
(33, 'Xhosa'),
(33, 'Maithili'),
(34, 'Albanese'),
(34, 'Gilbertese'),
(34, 'Olandese'),
(34, 'Lituano'),
(35, 'Spagnolo'),
(35, 'Islandese'),
(35, 'Zulu'),
(36, 'Nauruana'),
(36, 'Mandarino'),
(36, 'Malayalam'),
(36, 'Thai'),
(37, 'Groenlandese'),
(37, 'Tsonga'),
(37, 'Olandese'),
(37, 'Bodo'),
(38, 'Zulu'),
(38, 'Malese'),
(38, 'Bosniaco'),
(38, 'Ruteno'),
(39, 'Palauano'),
(39, 'Figiano'),
(39, 'Marathi'),
(39, 'Tetum'),
(40, 'Romaní'),
(40, 'Arabo'),
(40, 'Estone'),
(41, 'Palauano'),
(41, 'Armeno'),
(41, 'Giavanese'),
(42, 'Tataro'),
(42, 'Italiano'),
(42, 'Urdu'),
(43, 'Tsonga'),
(43, 'Shona'),
(43, 'Swahili'),
(43, 'Manipuri'),
(44, 'Ungherese'),
(44, 'Turkmeno'),
(45, 'Giavanese'),
(45, 'Yiddish'),
(46, 'Gilbertese'),
(46, 'Tedesco'),
(46, 'Inglese'),
(47, 'Bosniaco'),
(47, 'Ungherese'),
(48, 'Tetum'),
(48, 'Pashto'),
(49, 'Nepalese'),
(49, 'Venda'),
(50, 'Tsonga'),
(50, 'Mirandese'),
(50, 'Comoriano'),
(50, 'Turkmeno'),
(51, 'Uzbeko'),
(51, 'Slovacco'),
(51, 'Russo'),
(52, 'Lettone'),
(52, 'Lettone'),
(53, 'Giavanese'),
(53, 'Lussemburghese'),
(53, 'Ucraino'),
(53, 'Uzbeko'),
(54, 'Mandarino'),
(54, 'Tosco'),
(55, 'Moldavo'),
(55, 'Bulgaro'),
(56, 'Occitano'),
(56, 'Islandese'),
(56, 'Afrikaans'),
(57, 'Maltese'),
(57, 'Zulu'),
(58, 'Hindi'),
(58, 'Maori'),
(58, 'Shona'),
(59, 'Kashmiri'),
(59, 'Nauruana'),
(60, 'Marathi'),
(60, 'Coreano'),
(60, 'Malayalam'),
(60, 'Romaní'),
(61, 'Svedese'),
(61, 'Ucraino'),
(62, 'Islandese'),
(62, 'Caroliniano'),
(62, 'Venda'),
(62, 'Tswana'),
(63, 'Mongolo'),
(63, 'Malese'),
(63, 'Islandese'),
(63, 'Groenlandese'),
(64, 'Georgiano'),
(64, 'Romaní'),
(64, 'Ebraico'),
(64, 'Zulu'),
(65, 'Xhosa'),
(65, 'Malgascio'),
(65, 'Tsonga'),
(65, 'Macedone'),
(66, 'Giapponese'),
(66, 'Occitano'),
(66, 'Albanese'),
(67, 'Groenlandese'),
(67, 'Swahili'),
(67, 'Bosniaco'),
(68, 'Uzbeko'),
(68, 'Danese'),
(68, 'Punjabi'),
(69, 'Marathi'),
(69, 'Romancio'),
(69, 'Occitano'),
(69, 'Armeno'),
(70, 'Caroliniano'),
(70, 'Yiddish'),
(71, 'Tsonga'),
(71, 'Chuukese'),
(71, 'Telugu'),
(71, 'Arabo'),
(72, 'Ruteno'),
(72, 'Russo'),
(72, 'Rumeno'),
(72, 'Faroese'),
(73, 'Tosco'),
(73, 'Chichewa'),
(73, 'Singalese'),
(73, 'Creolo'),
(74, 'Pashto'),
(74, 'Maithili'),
(74, 'Bulgaro'),
(74, 'Tedesco'),
(75, 'Lao'),
(75, 'Singalese'),
(75, 'Inglese'),
(75, 'Zulu'),
(76, 'Coreano'),
(76, 'Groenlandese'),
(76, 'Pohnpeiano'),
(77, 'Polacco'),
(77, 'Thai'),
(77, 'Oriya'),
(78, 'Tataro'),
(78, 'Macedone'),
(78, 'Tosco'),
(79, 'Turkmeno'),
(79, 'Singalese'),
(80, 'Mandarino'),
(80, 'Urdu'),
(80, 'Ruteno'),
(81, 'Papiamento'),
(81, 'Kosraese'),
(81, 'Pashto'),
(82, 'Ucraino'),
(82, 'Yorube'),
(82, 'Portoghese'),
(83, 'Rumeno'),
(83, 'Gilbertese'),
(83, 'Rumeno'),
(83, 'Lussemburghese'),
(84, 'Papiamento'),
(84, 'Portoghese'),
(84, 'Chichewa'),
(85, 'Xhosa'),
(85, 'Bosniaco'),
(85, 'Ungherese'),
(86, 'Marshallese'),
(86, 'Maltese'),
(87, 'Romancio'),
(87, 'Palauano'),
(87, 'Lituano'),
(87, 'Islandese'),
(88, 'Comoriano'),
(88, 'Chichewa'),
(88, 'Portoghese'),
(89, 'Sindhi'),
(89, 'Persiano'),
(89, 'Faroese'),
(89, 'Maori'),
(90, 'Mirandese'),
(90, 'Uzbeko'),
(90, 'Punjabi'),
(91, 'Gilbertese'),
(91, 'Inglese'),
(91, 'Chamorro'),
(91, 'Tsonga'),
(92, 'Lituano'),
(92, 'Lussemburghese'),
(92, 'Nepalese'),
(93, 'Kashmiri'),
(93, 'Chuukese'),
(93, 'Finlandese'),
(94, 'Moldavo'),
(94, 'Kosraese'),
(94, 'Rumeno'),
(94, 'Maori'),
(95, 'Hawaiano'),
(95, 'Urdu'),
(95, 'Afrikaans'),
(95, 'Bislamo'),
(96, 'Hawaiano'),
(96, 'Tsonga'),
(96, 'Yiddish'),
(97, 'Papiamento'),
(97, 'Palauano'),
(97, 'Curdo'),
(97, 'Monegasco'),
(98, 'Norvegese'),
(98, 'Singalese'),
(98, 'Ungherese'),
(99, 'Gilbertese'),
(99, 'Malgascio'),
(99, 'Giapponese'),
(100, 'Oriya'),
(100, 'Marshallese'),
(100, 'Francese'),
(100, 'Armeno'),
(101, 'Papiamento'),
(101, 'Maori'),
(102, 'Punjabi'),
(102, 'Swahili'),
(102, 'Yorube'),
(103, 'Ucraino'),
(103, 'Greco'),
(103, 'Tswana'),
(104, 'Nauruana'),
(104, 'Mandarino'),
(104, 'Figiano'),
(105, 'Filippino'),
(105, 'Ebraico'),
(106, 'Lettone'),
(106, 'Oriya'),
(106, 'Slovacco'),
(107, 'Hawaiano'),
(107, 'Turco'),
(108, 'Urdu'),
(108, 'Bosniaco'),
(109, 'Ladino'),
(109, 'Arabo'),
(110, 'Romaní'),
(110, 'Mirandese'),
(110, 'Bosniaco'),
(111, 'Curdo'),
(111, 'Persiano'),
(112, 'Manipuri'),
(112, 'Maltese'),
(112, 'Kashmiri'),
(113, 'Turkmeno'),
(113, 'Tosco'),
(113, 'Xhosa'),
(113, 'Thai'),
(114, 'Malayalam'),
(114, 'Catalano'),
(114, 'Maltese'),
(114, 'Monegasco'),
(115, 'Mongolo'),
(115, 'Mirandese'),
(115, 'Romancio'),
(115, 'Turkmeno'),
(116, 'Malgascio'),
(116, 'Shona'),
(117, 'Lituano'),
(117, 'Turco'),
(117, 'Maithili'),
(118, 'Macedone'),
(118, 'Bielorusso'),
(118, 'Svedese'),
(118, 'Gujarati'),
(119, 'Croato'),
(119, 'Palauano'),
(119, 'Islandese'),
(119, 'Figiano'),
(120, 'Tataro'),
(120, 'Occitano'),
(120, 'Comoriano'),
(120, 'Croato'),
(121, 'Catalano'),
(121, 'Greco'),
(122, 'Figiano'),
(122, 'Malese'),
(122, 'Bodo'),
(123, 'Romancio'),
(123, 'Danese'),
(123, 'Rumeno'),
(123, 'Armeno'),
(124, 'Shona'),
(124, 'Guaraní'),
(124, 'Caroliniano'),
(124, 'Palauano'),
(125, 'Manipuri'),
(125, 'Albanese'),
(125, 'Pohnpeiano'),
(125, 'Afrikaans'),
(126, 'Mirandese'),
(126, 'Ungherese'),
(127, 'Faroese'),
(127, 'Ungherese'),
(127, 'Occitano'),
(128, 'Lettone'),
(128, 'Francese'),
(128, 'Monegasco'),
(129, 'Palauano'),
(129, 'Tosco'),
(129, 'Svedese'),
(130, 'Marathi'),
(130, 'Lao'),
(130, 'Slovacco'),
(130, 'Lao'),
(131, 'Rumeno'),
(131, 'Ladino'),
(131, 'Malgascio'),
(131, 'Ladino'),
(132, 'Hawaiano'),
(132, 'Telugu'),
(132, 'Bulgaro'),
(132, 'Olandese'),
(133, 'Groenlandese'),
(133, 'Croato'),
(133, 'Malgascio'),
(134, 'Papiamento'),
(134, 'Curdo'),
(134, 'Yiddish'),
(134, 'Ucraino'),
(135, 'Kannada'),
(135, 'Yiddish'),
(135, 'Mandarino'),
(135, 'Lituano'),
(136, 'Estone'),
(136, 'Ceco'),
(137, 'Guaraní'),
(137, 'Moldavo'),
(138, 'Ladino'),
(138, 'Turco'),
(138, 'Albanese'),
(139, 'Maltese'),
(139, 'Singalese'),
(139, 'Comoriano'),
(140, 'Ebraico'),
(140, 'Italiano'),
(140, 'Islandese'),
(141, 'Norvegese'),
(141, 'Ruteno'),
(141, 'Ceco'),
(142, 'Macedone'),
(142, 'Sindhi'),
(142, 'Kosraese'),
(142, 'Tsonga'),
(143, 'Punjabi'),
(143, 'Creolo'),
(144, 'Kashmiri'),
(144, 'Ruteno'),
(145, 'Maithili'),
(145, 'Chamorro'),
(146, 'Irlandese'),
(146, 'Irlandese'),
(146, 'Tsonga'),
(146, 'Romancio'),
(147, 'Monegasco'),
(147, 'Catalano'),
(148, 'Tetum'),
(148, 'Lussemburghese'),
(148, 'Hindi'),
(148, 'Lussemburghese'),
(149, 'Malgascio'),
(149, 'Faroese'),
(149, 'Nepalese'),
(150, 'Bodo'),
(150, 'Malese'),
(150, 'Norvegese'),
(151, 'Uzbeko'),
(151, 'Ungherese'),
(151, 'Punjabi'),
(151, 'Bosniaco'),
(152, 'Shona'),
(152, 'Bielorusso'),
(152, 'Turco'),
(153, 'Faroese'),
(153, 'Yorube'),
(153, 'Comoriano'),
(153, 'Monegasco'),
(154, 'Palauano'),
(154, 'Moldavo'),
(155, 'Persiano'),
(155, 'Indonesiano'),
(155, 'Bosniaco'),
(155, 'Maltese'),
(156, 'Maithili'),
(156, 'Lituano'),
(156, 'Rumeno'),
(156, 'Lituano'),
(157, 'Guaraní'),
(157, 'Ceco'),
(158, 'Nepalese'),
(158, 'Pashto'),
(159, 'Pashto'),
(159, 'Maithili'),
(160, 'Tetum'),
(160, 'Marathi'),
(160, 'Islandese'),
(160, 'Pohnpeiano'),
(161, 'Norvegese'),
(161, 'Maithili'),
(161, 'Oriya'),
(162, 'Mongolo'),
(162, 'Oriya'),
(162, 'Manipuri'),
(162, 'Bosniaco'),
(163, 'Occitano'),
(163, 'Filippino'),
(163, 'Finlandese'),
(164, 'Gilbertese'),
(164, 'Monegasco'),
(164, 'Urdu'),
(164, 'Spagnolo'),
(165, 'Urdu'),
(165, 'Mirandese'),
(165, 'Monegasco'),
(166, 'Shona'),
(166, 'Danese'),
(166, 'Maori'),
(166, 'Gujarati'),
(167, 'Mongolo'),
(167, 'Palauano'),
(168, 'Bosniaco'),
(168, 'Chuukese'),
(168, 'Marshallese'),
(169, 'Pohnpeiano'),
(169, 'Maithili'),
(170, 'Nauruana'),
(170, 'Groenlandese'),
(171, 'Mirandese'),
(171, 'Uzbeko'),
(171, 'Marshallese'),
(171, 'Bosniaco'),
(172, 'Groenlandese'),
(172, 'Shona'),
(172, 'Tetum'),
(172, 'Mirandese'),
(173, 'Bielorusso'),
(173, 'Figiano'),
(173, 'Maori'),
(174, 'Turco'),
(174, 'Manipuri'),
(174, 'Afrikaans'),
(175, 'Tedesco'),
(175, 'Sindhi'),
(176, 'Norvegese'),
(176, 'Guaraní'),
(176, 'Xhosa'),
(177, 'Occitano'),
(177, 'Romancio'),
(177, 'Mandarino'),
(178, 'Ungherese'),
(178, 'Venda'),
(178, 'Romaní'),
(179, 'Bielorusso'),
(179, 'Lao'),
(179, 'Ladino'),
(179, 'Tosco'),
(180, 'Pohnpeiano'),
(180, 'Portoghese'),
(181, 'Greco'),
(181, 'Singalese'),
(181, 'Ruteno'),
(181, 'Tswana'),
(182, 'Ceco'),
(182, 'Kashmiri'),
(182, 'Telugu'),
(183, 'Persiano'),
(183, 'Thai'),
(184, 'Ruteno'),
(184, 'Curdo'),
(184, 'Russo'),
(184, 'Slovacco'),
(185, 'Yue'),
(185, 'Moldavo'),
(185, 'Guaraní'),
(186, 'Armeno'),
(186, 'Tamil'),
(186, 'Yue'),
(186, 'Tosco'),
(187, 'Ebraico'),
(187, 'Albanese'),
(188, 'Kashmiri'),
(188, 'Caroliniano'),
(189, 'Danese'),
(189, 'Finlandese'),
(190, 'Urdu'),
(190, 'Maltese'),
(190, 'Gilbertese'),
(190, 'Lituano'),
(191, 'Swahili'),
(191, 'Italiano'),
(192, 'Coreano'),
(192, 'Tedesco'),
(192, 'Francese'),
(193, 'Uzbeko'),
(193, 'Marshallese'),
(193, 'Moldavo'),
(193, 'Chichewa'),
(194, 'Tosco'),
(194, 'Italiano'),
(195, 'Punjabi'),
(195, 'Faroese'),
(195, 'Gujarati'),
(195, 'Filippino'),
(196, 'Xhosa'),
(196, 'Yue'),
(196, 'Persiano'),
(197, 'Afrikaans'),
(197, 'Persiano'),
(198, 'Albanese'),
(198, 'Lituano'),
(198, 'Papiamento'),
(199, 'Albanese'),
(199, 'Uzbeko'),
(199, 'Creolo'),
(199, 'Svedese'),
(200, 'Bosniaco'),
(200, 'Russo'),
(201, 'Swahili'),
(201, 'Islandese'),
(201, 'Italiano');

REPLACE INTO `Sottotitolaggio` (`File`, `Lingua`) VALUES
(1, 'Rumeno'),
(1, 'Islandese'),
(1, 'Estone'),
(2, 'Kosraese'),
(2, 'Spagnolo'),
(2, 'Kosraese'),
(2, 'Guaraní'),
(3, 'Kosraese'),
(3, 'Swahili'),
(3, 'Kosraese'),
(3, 'Afrikaans'),
(4, 'Bislamo'),
(4, 'Yapese'),
(4, 'Lussemburghese'),
(4, 'Latino'),
(5, 'Faroese'),
(5, 'Chuukese'),
(5, 'Swahili'),
(5, 'Moldavo'),
(6, 'Kashmiri'),
(6, 'Xhosa'),
(6, 'Marathi'),
(6, 'Ungherese'),
(7, 'Kannada'),
(7, 'Hawaiano'),
(7, 'Guaraní'),
(7, 'Palauano'),
(8, 'Bodo'),
(8, 'Russo'),
(8, 'Svedese'),
(8, 'Inglese'),
(9, 'Swahili'),
(9, 'Manipuri'),
(9, 'Svedese'),
(9, 'Mirandese'),
(10, 'Spagnolo'),
(10, 'Ungherese'),
(10, 'Francese'),
(10, 'Kosraese'),
(11, 'Maori'),
(11, 'Afrikaans'),
(12, 'Olandese'),
(12, 'Marshallese'),
(12, 'Chichewa'),
(12, 'Yue'),
(13, 'Rumeno'),
(13, 'Moldavo'),
(13, 'Urdu'),
(14, 'Oriya'),
(14, 'Kashmiri'),
(14, 'Bodo'),
(15, 'Hindi'),
(15, 'Nauruana'),
(15, 'Punjabi'),
(16, 'Uzbeko'),
(16, 'Portoghese'),
(17, 'Albanese'),
(17, 'Bosniaco'),
(17, 'Pohnpeiano'),
(17, 'Lituano'),
(18, 'Persiano'),
(18, 'Kosraese'),
(19, 'Malese'),
(19, 'Oriya'),
(19, 'Uzbeko'),
(19, 'Tedesco'),
(20, 'Kashmiri'),
(20, 'Occitano'),
(20, 'Olandese'),
(21, 'Arabo'),
(21, 'Lao'),
(21, 'Coreano'),
(21, 'Chichewa'),
(22, 'Rumeno'),
(22, 'Kosraese'),
(22, 'Estone'),
(23, 'Persiano'),
(23, 'Telugu'),
(24, 'Georgiano'),
(24, 'Malese'),
(25, 'Chichewa'),
(25, 'Croato'),
(26, 'Ruteno'),
(26, 'Danese'),
(27, 'Indonesiano'),
(27, 'Tswana'),
(28, 'Spagnolo'),
(28, 'Rumeno'),
(28, 'Malgascio'),
(29, 'Ucraino'),
(29, 'Ladino'),
(29, 'Chichewa'),
(30, 'Marathi'),
(30, 'Nepalese'),
(31, 'Bosniaco'),
(31, 'Latino'),
(31, 'Giavanese'),
(32, 'Chuukese'),
(32, 'Nauruana'),
(32, 'Punjabi'),
(33, 'Estone'),
(33, 'Maltese'),
(33, 'Tetum'),
(34, 'Finlandese'),
(34, 'Tswana'),
(34, 'Catalano'),
(35, 'Kashmiri'),
(35, 'Manipuri'),
(35, 'Malese'),
(36, 'Telugu'),
(36, 'Mirandese'),
(36, 'Somalo'),
(36, 'Coreano'),
(37, 'Lussemburghese'),
(37, 'Monegasco'),
(37, 'Nepalese'),
(37, 'Chuukese'),
(38, 'Maori'),
(38, 'Xhosa'),
(38, 'Slovacco'),
(39, 'Lussemburghese'),
(39, 'Maltese'),
(39, 'Maori'),
(40, 'Romancio'),
(40, 'Mirandese'),
(40, 'Romancio'),
(41, 'Moldavo'),
(41, 'Ebraico'),
(41, 'Shona'),
(42, 'Monegasco'),
(42, 'Giavanese'),
(42, 'Giavanese'),
(43, 'Urdu'),
(43, 'Yiddish'),
(44, 'Yapese'),
(44, 'Xhosa'),
(44, 'Gujarati'),
(44, 'Armeno'),
(45, 'Armeno'),
(45, 'Yue'),
(46, 'Chamorro'),
(46, 'Curdo'),
(47, 'Somalo'),
(47, 'Giavanese'),
(47, 'Maithili'),
(48, 'Thai'),
(48, 'Afrikaans'),
(48, 'Nauruana'),
(49, 'Filippino'),
(49, 'Hawaiano'),
(49, 'Papiamento'),
(50, 'Nepalese'),
(50, 'Lao'),
(51, 'Comoriano'),
(51, 'Russo'),
(51, 'Francese'),
(51, 'Oriya'),
(52, 'Tosco'),
(52, 'Filippino'),
(52, 'Tosco'),
(53, 'Maithili'),
(53, 'Armeno'),
(53, 'Maori'),
(54, 'Russo'),
(54, 'Olandese'),
(54, 'Mongolo'),
(55, 'Hindi'),
(55, 'Xhosa'),
(56, 'Curdo'),
(56, 'Tosco'),
(57, 'Guaraní'),
(57, 'Norvegese'),
(57, 'Croato'),
(57, 'Gujarati'),
(58, 'Telugu'),
(58, 'Estone'),
(58, 'Xhosa'),
(58, 'Tetum'),
(59, 'Occitano'),
(59, 'Greco'),
(59, 'Bulgaro'),
(59, 'Yiddish'),
(60, 'Urdu'),
(60, 'Singalese'),
(61, 'Coreano'),
(61, 'Tataro'),
(62, 'Macedone'),
(62, 'Tataro'),
(62, 'Irlandese'),
(62, 'Coreano'),
(63, 'Guaraní'),
(63, 'Bislamo'),
(63, 'Ungherese'),
(63, 'Tetum'),
(64, 'Malese'),
(64, 'Singalese'),
(64, 'Palauano'),
(64, 'Giapponese'),
(65, 'Creolo'),
(65, 'Malese'),
(65, 'Filippino'),
(65, 'Ruteno'),
(66, 'Ungherese'),
(66, 'Russo'),
(66, 'Rumeno'),
(67, 'Olandese'),
(67, 'Shona'),
(67, 'Chichewa'),
(67, 'Swahili'),
(68, 'Lussemburghese'),
(68, 'Moldavo'),
(69, 'Ebraico'),
(69, 'Mirandese'),
(69, 'Malese'),
(69, 'Yue'),
(70, 'Guaraní'),
(70, 'Bodo'),
(71, 'Malgascio'),
(71, 'Turco'),
(71, 'Greco'),
(72, 'Albanese'),
(72, 'Curdo'),
(72, 'Macedone'),
(73, 'Chuukese'),
(73, 'Ebraico'),
(73, 'Punjabi'),
(74, 'Comoriano'),
(74, 'Tetum'),
(74, 'Faroese'),
(75, 'Norvegese'),
(75, 'Figiano'),
(75, 'Gilbertese'),
(75, 'Guaraní'),
(76, 'Oriya'),
(76, 'Tamil'),
(76, 'Coreano'),
(76, 'Punjabi'),
(77, 'Telugu'),
(77, 'Islandese'),
(77, 'Bodo'),
(78, 'Bielorusso'),
(78, 'Mirandese'),
(78, 'Sindhi'),
(79, 'Polacco'),
(79, 'Italiano'),
(79, 'Bielorusso'),
(80, 'Islandese'),
(80, 'Oriya'),
(80, 'Manipuri'),
(80, 'Catalano'),
(81, 'Afrikaans'),
(81, 'Lituano'),
(81, 'Lettone'),
(82, 'Armeno'),
(82, 'Faroese'),
(82, 'Estone'),
(82, 'Indonesiano'),
(83, 'Tsonga'),
(83, 'Spagnolo'),
(83, 'Olandese'),
(83, 'Albanese'),
(84, 'Macedone'),
(84, 'Ruteno'),
(84, 'Finlandese'),
(85, 'Romaní'),
(85, 'Malese'),
(85, 'Norvegese'),
(86, 'Zulu'),
(86, 'Faroese'),
(87, 'Turkmeno'),
(87, 'Gilbertese'),
(87, 'Sindhi'),
(87, 'Italiano'),
(88, 'Indonesiano'),
(88, 'Lao'),
(88, 'Armeno'),
(89, 'Tamil'),
(89, 'Georgiano'),
(89, 'Moldavo'),
(90, 'Somalo'),
(90, 'Romancio'),
(90, 'Portoghese'),
(91, 'Lettone'),
(91, 'Latino'),
(91, 'Tosco'),
(91, 'Arabo'),
(92, 'Svedese'),
(92, 'Bosniaco'),
(92, 'Spagnolo'),
(92, 'Maltese'),
(93, 'Bodo'),
(93, 'Norvegese'),
(93, 'Tsonga'),
(94, 'Chichewa'),
(94, 'Bosniaco'),
(94, 'Moldavo'),
(94, 'Swahili'),
(95, 'Tedesco'),
(95, 'Russo'),
(96, 'Coreano'),
(96, 'Norvegese'),
(96, 'Ceco'),
(96, 'Monegasco'),
(97, 'Hindi'),
(97, 'Latino'),
(97, 'Punjabi'),
(97, 'Russo'),
(98, 'Yorube'),
(98, 'Moldavo'),
(98, 'Malgascio'),
(99, 'Bosniaco'),
(99, 'Ucraino'),
(99, 'Persiano'),
(100, 'Telugu'),
(100, 'Catalano'),
(101, 'Indonesiano'),
(101, 'Spagnolo'),
(102, 'Olandese'),
(102, 'Sindhi'),
(102, 'Afrikaans'),
(102, 'Maltese'),
(103, 'Papiamento'),
(103, 'Ruteno'),
(103, 'Caroliniano'),
(103, 'Swahili'),
(104, 'Persiano'),
(104, 'Russo'),
(105, 'Tosco'),
(105, 'Ebraico'),
(105, 'Hawaiano'),
(106, 'Inglese'),
(106, 'Tswana'),
(106, 'Malayalam'),
(106, 'Tataro'),
(107, 'Tataro'),
(107, 'Lettone'),
(107, 'Hindi'),
(108, 'Maithili'),
(108, 'Georgiano'),
(108, 'Portoghese'),
(109, 'Maithili'),
(109, 'Yapese'),
(109, 'Albanese'),
(109, 'Bulgaro'),
(110, 'Chamorro'),
(110, 'Coreano'),
(110, 'Hindi'),
(110, 'Tosco'),
(111, 'Guaraní'),
(111, 'Figiano'),
(111, 'Afrikaans'),
(112, 'Indonesiano'),
(112, 'Xhosa'),
(112, 'Kashmiri'),
(112, 'Gilbertese'),
(113, 'Filippino'),
(113, 'Lituano'),
(114, 'Tetum'),
(114, 'Sindhi'),
(114, 'Oriya'),
(115, 'Uzbeko'),
(115, 'Giapponese'),
(115, 'Macedone'),
(116, 'Uzbeko'),
(116, 'Romancio'),
(117, 'Rumeno'),
(117, 'Croato'),
(117, 'Chamorro'),
(117, 'Russo'),
(118, 'Norvegese'),
(118, 'Portoghese'),
(118, 'Finlandese'),
(118, 'Bislamo'),
(119, 'Latino'),
(119, 'Mongolo'),
(119, 'Figiano'),
(120, 'Yiddish'),
(120, 'Ungherese'),
(120, 'Yue'),
(120, 'Figiano'),
(121, 'Bielorusso'),
(121, 'Punjabi'),
(121, 'Giapponese'),
(121, 'Tataro'),
(122, 'Tswana'),
(122, 'Shona'),
(123, 'Portoghese'),
(123, 'Malese'),
(124, 'Croato'),
(124, 'Pashto'),
(124, 'Punjabi'),
(125, 'Danese'),
(125, 'Tosco'),
(125, 'Maithili'),
(126, 'Yiddish'),
(126, 'Svedese'),
(126, 'Georgiano'),
(126, 'Maithili'),
(127, 'Giavanese'),
(127, 'Afrikaans'),
(128, 'Estone'),
(128, 'Croato'),
(128, 'Olandese'),
(129, 'Ceco'),
(129, 'Uzbeko'),
(129, 'Hindi'),
(130, 'Chuukese'),
(130, 'Curdo'),
(130, 'Swahili'),
(131, 'Portoghese'),
(131, 'Lituano'),
(132, 'Marshallese'),
(132, 'Tosco'),
(132, 'Hindi'),
(133, 'Marshallese'),
(133, 'Malayalam'),
(134, 'Nauruana'),
(134, 'Giavanese'),
(135, 'Greco'),
(135, 'Ungherese'),
(135, 'Curdo'),
(135, 'Faroese'),
(136, 'Groenlandese'),
(136, 'Filippino'),
(136, 'Filippino'),
(136, 'Georgiano'),
(137, 'Bosniaco'),
(137, 'Macedone'),
(137, 'Tedesco'),
(138, 'Oriya'),
(138, 'Ebraico'),
(139, 'Maori'),
(139, 'Tedesco'),
(139, 'Italiano'),
(139, 'Ladino'),
(140, 'Romancio'),
(140, 'Yiddish'),
(140, 'Swahili'),
(141, 'Bodo'),
(141, 'Punjabi'),
(142, 'Arabo'),
(142, 'Maori'),
(142, 'Gilbertese'),
(143, 'Creolo'),
(143, 'Telugu'),
(143, 'Nepalese'),
(143, 'Russo'),
(144, 'Gujarati'),
(144, 'Lituano'),
(145, 'Yapese'),
(145, 'Tetum'),
(145, 'Hawaiano'),
(146, 'Manipuri'),
(146, 'Bosniaco'),
(147, 'Macedone'),
(147, 'Danese'),
(147, 'Groenlandese'),
(147, 'Yorube'),
(148, 'Portoghese'),
(148, 'Venda'),
(149, 'Russo'),
(149, 'Faroese'),
(149, 'Shona'),
(150, 'Tamil'),
(150, 'Somalo'),
(151, 'Maltese'),
(151, 'Xhosa'),
(151, 'Catalano'),
(152, 'Tataro'),
(152, 'Lituano'),
(152, 'Tedesco'),
(152, 'Georgiano'),
(153, 'Afrikaans'),
(153, 'Romaní'),
(153, 'Irlandese'),
(154, 'Bodo'),
(154, 'Yorube'),
(154, 'Caroliniano'),
(155, 'Manipuri'),
(155, 'Lussemburghese'),
(155, 'Romancio'),
(156, 'Telugu'),
(156, 'Occitano'),
(157, 'Yiddish'),
(157, 'Xhosa'),
(157, 'Tedesco'),
(158, 'Hawaiano'),
(158, 'Punjabi'),
(159, 'Kashmiri'),
(159, 'Pashto'),
(160, 'Comoriano'),
(160, 'Papiamento'),
(160, 'Figiano'),
(161, 'Gujarati'),
(161, 'Hawaiano'),
(161, 'Kosraese'),
(162, 'Creolo'),
(162, 'Tamil'),
(163, 'Armeno'),
(163, 'Yue'),
(163, 'Yiddish'),
(163, 'Irlandese'),
(164, 'Palauano'),
(164, 'Occitano'),
(164, 'Manipuri'),
(164, 'Lao'),
(165, 'Slovacco'),
(165, 'Macedone'),
(166, 'Svedese'),
(166, 'Turkmeno'),
(167, 'Irlandese'),
(167, 'Lao'),
(168, 'Urdu'),
(168, 'Romaní'),
(168, 'Estone'),
(169, 'Macedone'),
(169, 'Shona'),
(169, 'Croato'),
(170, 'Persiano'),
(170, 'Slovacco'),
(170, 'Lituano'),
(170, 'Singalese'),
(171, 'Pohnpeiano'),
(171, 'Francese'),
(171, 'Creolo'),
(172, 'Hindi'),
(172, 'Chichewa'),
(172, 'Manipuri'),
(172, 'Maori'),
(173, 'Creolo'),
(173, 'Malgascio'),
(173, 'Malese'),
(173, 'Kosraese'),
(174, 'Kosraese'),
(174, 'Arabo'),
(174, 'Ebraico'),
(175, 'Pohnpeiano'),
(175, 'Inglese'),
(175, 'Latino'),
(175, 'Marathi'),
(176, 'Hawaiano'),
(176, 'Bodo'),
(176, 'Moldavo'),
(177, 'Turco'),
(177, 'Islandese'),
(177, 'Singalese'),
(177, 'Macedone'),
(178, 'Lao'),
(178, 'Nepalese'),
(178, 'Slovacco'),
(179, 'Chuukese'),
(179, 'Albanese'),
(179, 'Danese'),
(179, 'Moldavo'),
(180, 'Caroliniano'),
(180, 'Turkmeno'),
(181, 'Chichewa'),
(181, 'Thai'),
(182, 'Georgiano'),
(182, 'Somalo'),
(182, 'Bulgaro'),
(183, 'Groenlandese'),
(183, 'Mongolo'),
(184, 'Tsonga'),
(184, 'Monegasco'),
(184, 'Tedesco'),
(184, 'Telugu'),
(185, 'Mongolo'),
(185, 'Bulgaro'),
(186, 'Yiddish'),
(186, 'Moldavo'),
(186, 'Lituano'),
(187, 'Shona'),
(187, 'Bislamo'),
(188, 'Norvegese'),
(188, 'Portoghese'),
(189, 'Indonesiano'),
(189, 'Afrikaans'),
(189, 'Tedesco'),
(190, 'Olandese'),
(190, 'Macedone'),
(190, 'Ebraico'),
(190, 'Pohnpeiano'),
(191, 'Nauruana'),
(191, 'Occitano'),
(191, 'Danese'),
(191, 'Greco'),
(192, 'Kashmiri'),
(192, 'Estone'),
(193, 'Macedone'),
(193, 'Tsonga'),
(194, 'Giapponese'),
(194, 'Slovacco'),
(195, 'Groenlandese'),
(195, 'Ladino'),
(195, 'Marathi'),
(196, 'Bislamo'),
(196, 'Ceco'),
(196, 'Bosniaco'),
(197, 'Croato'),
(197, 'Gujarati'),
(197, 'Bosniaco'),
(197, 'Faroese'),
(198, 'Svedese'),
(198, 'Greco'),
(199, 'Lettone'),
(199, 'Moldavo'),
(199, 'Islandese'),
(200, 'Norvegese'),
(200, 'Gujarati'),
(201, 'Yorube'),
(201, 'Shona');