DELETE FROM `Edizione`;
DELETE FROM `Restrizione`;
DELETE FROM `FormatoCodifica`;
DELETE FROM `File`;
DELETE FROM `Sottotitolaggio`;
DELETE FROM `Doppiaggio`;

REPLACE INTO `Edizione` (`ID`, `Film`, `Anno`, `Tipo`, `Lunghezza`, `RapportoAspetto`) VALUES
(1, 1, 2020, 'Edizione Blu-Ray',9840, 1.33),
(2, 1, 2020, 'Terza Edizione',7380, 1),
(3, 2, 2020, 'Prima Edizone',9960, 1.33),
(4, 2, 2020, 'Seconda Edizione',9780, 1.33),
(5, 3, 2020, 'Seconda Edizione',9000, 1.78),
(6, 4, 2020, 'Terza Edizione',6660, 1.33),
(7, 4, 2022, 'Prima Edizone',6480, 1.78),
(8, 5, 2020, 'Seconda Edizione',10320, 1),
(9, 6, 2021, 'Edizione Blu-Ray',7560, 1.33),
(10, 6, 2023, 'Seconda Edizione',8640, 1.33),
(11, 7, 2021, 'Prima Edizone',10680, 1.78),
(12, 8, 2021, 'Seconda Edizione',6840, 1),
(13, 9, 2023, 'Edizione Blu-Ray',7020, 1),
(14, 9, 2022, 'Terza Edizione',6660, 1),
(15, 10, 2023, 'Terza Edizione',8160, 1.33),
(16, 11, 2024, 'Seconda Edizione',9300, 1.78),
(17, 12, 2023, 'Terza Edizione',9060, 1.78),
(18, 12, 2021, 'Seconda Edizione',7440, 1),
(19, 13, 2023, 'Prima Edizione',9120, 1),
(20, 13, 2023, 'Terza Edizione',10380, 1.33),
(21, 14, 2020, 'Prima Edizione',5880, 1.78),
(22, 14, 2020, 'Seconda Edizione',7740, 1.78),
(23, 15, 2020, 'Edizione Blu-Ray',8820, 1),
(24, 16, 2023, 'Edizione Blu-Ray',10140, 1.78),
(25, 16, 2000, 'Edizione Blu-Ray',10680, 1.78),
(26, 17, 2023, 'Terza Edizione',7080, 1.33),
(27, 18, 2020, 'Seconda Edizione',8520, 1.33),
(28, 19, 2022, 'Edizione Blu-Ray',6000, 1.33),
(29, 20, 2021, 'Seconda Edizione',8460, 1.78),
(30, 20, 2023, 'Terza Edizione',8760, 1.78),
(31, 21, 2023, 'Prima Edizone',7560, 1.78),
(32, 21, 2021, 'Edizione Blu-Ray',9480, 1),
(33, 22, 2021, 'Edizione Blu-Ray',5700, 1.33),
(34, 22, 2022, 'Edizione Blu-Ray',10320, 1.33),
(35, 23, 2021, 'Seconda Edizione',6960, 1.78),
(36, 24, 2023, 'Seconda Edizione',8820, 1.33),
(37, 24, 2023, 'Prima Edizone',7620, 1),
(38, 25, 2020, 'Prima Edizone',6180, 1.78),
(39, 25, 2020, 'Edizione Blu-Ray',6480, 1.33),
(40, 26, 2020, 'Prima Edizone',10020, 1.33),
(41, 27, 2020, 'Terza Edizione',9600, 1),
(42, 28, 2023, 'Edizione Blu-Ray',9540, 1.78),
(43, 28, 2023, 'Edizione Blu-Ray',9660, 1),
(44, 29, 2024, 'Seconda Edizione',7200, 1),
(45, 29, 2024, 'Edizione Blu-Ray',7380, 1),
(46, 30, 2024, 'Seconda Edizione',8460, 1),
(47, 31, 2024, 'Prima Edizone',7500, 1),
(48, 32, 2023, 'Seconda Edizione',7500, 1),
(49, 32, 2022, 'Prima Edizone',8100, 1.78),
(50, 33, 2024, 'Edizione Blu-Ray',10320, 1.78),
(51, 34, 2024, 'Prima Edizone',6360, 1),
(52, 35, 2025, 'Prima Edizone',7920, 1),
(53, 35, 2024, 'Prima Edizone',10200, 1.33),
(54, 36, 2024, 'Seconda Edizione',8880, 1),
(55, 37, 2024, 'Seconda Edizione',9300, 1.33),
(56, 37, 2024, 'Edizione Blu-Ray',6180, 1.78),
(57, 38, 2024, 'Prima Edizone',5580, 1),
(58, 38, 2024, 'Prima Edizone',7500, 1),
(59, 39, 2024, 'Prima Edizone',9060, 1.78),
(60, 40, 2023, 'Prima Edizone',6780, 1.33),
(61, 40, 2022, 'Seconda Edizione',8220, 1.78),
(62, 41, 2023, 'Edizione Blu-Ray',10140, 1.33),
(63, 42, 2022, 'Seconda Edizione',7740, 1.33),
(64, 42, 2022, 'Terza Edizione',6780, 1.78),
(65, 43, 2022, 'Edizione Blu-Ray',10560, 1.33),
(66, 43, 2023, 'Terza Edizione',9000, 1.33),
(67, 44, 2021, 'Seconda Edizione',5640, 1.33),
(68, 45, 2020, 'Terza Edizione',6420, 1.78),
(69, 46, 2023, 'Prima Edizone',5400, 1),
(70, 47, 2023, 'Seconda Edizione',9720, 1.33),
(71, 47, 2023, 'Terza Edizione',8160, 1.78),
(72, 48, 2022, 'Terza Edizione',9180, 1),
(73, 48, 2021, 'Terza Edizione',5940, 1),
(74, 49, 2021, 'Terza Edizione',6960, 1),
(75, 50, 2020, 'Edizione Blu-Ray',10560, 1.78),
(76, 51, 2024, 'Seconda Edizione',7560, 1.78),
(77, 51, 2025, 'Prima Edizone',9180, 1),
(78, 52, 2022, 'Edizione Blu-Ray',9420, 1.78),
(79, 52, 2024, 'Prima Edizone',10320, 1.33),
(80, 53, 2023, 'Terza Edizione',6840, 1),
(81, 54, 2025, 'Edizione Blu-Ray',6060, 1.33),
(82, 54, 2023, 'Terza Edizione',5460, 1.33),
(83, 55, 2025, 'Edizione Blu-Ray',9180, 1.33),
(84, 56, 2022, 'Terza Edizione',8340, 1),
(85, 57, 2024, 'Seconda Edizione',8400, 1.78),
(86, 58, 2026, 'Prima Edizone',7980, 1.33),
(87, 59, 2025, 'Seconda Edizione',7680, 1),
(88, 60, 2022, 'Prima Edizone',10620, 1.33),
(89, 61, 2023, 'Edizione Blu-Ray',10680, 1.78),
(90, 62, 2021, 'Prima Edizone',7800, 1),
(91, 63, 2020, 'Terza Edizione',6180, 1.33),
(92, 63, 2023, 'Prima Edizone',9120, 1),
(93, 64, 2023, 'Prima Edizone',9540, 1.78),
(94, 65, 2024, 'Seconda Edizione',8640, 1.78),
(95, 65, 2020, 'Terza Edizione',9180, 1.33),
(96, 66, 2022, 'Terza Edizione',9360, 1),
(97, 67, 2022, 'Edizione Blu-Ray',7140, 1.78),
(98, 67, 2022, 'Prima Edizone',10740, 1.78),
(99, 68, 2022, 'Prima Edizone',8820, 1.78),
(100, 69, 2021, 'Terza Edizione',7140, 1.33),
(101, 70, 2020, 'Terza Edizione',10500, 1),
(102, 71, 2023, 'Terza Edizione',7200, 1),
(103, 71, 2026, 'Terza Edizione',5400, 1),
(104, 72, 2024, 'Terza Edizione',7920, 1.78),
(105, 73, 2024, 'Prima Edizone',10380, 1.78),
(106, 73, 2024, 'Prima Edizone',7380, 1.33),
(107, 74, 2022, 'Seconda Edizione',10020, 1.78),
(108, 75, 2022, 'Terza Edizione',6120, 1.33),
(109, 75, 2023, 'Seconda Edizione',5880, 1.78),
(110, 76, 2022, 'Seconda Edizione',9000, 1),
(111, 76, 2022, 'Prima Edizone',7260, 1),
(112, 77, 2023, 'Terza Edizione',10500, 1.78),
(113, 78, 2023, 'Terza Edizione',7260, 1.33),
(114, 78, 2021, 'Prima Edizone',5520, 1.33),
(115, 79, 2024, 'Prima Edizone',10440, 1),
(116, 79, 2024, 'Prima Edizone',7560, 1.33),
(117, 80, 2023, 'Prima Edizone',7200, 1.33),
(118, 80, 2023, 'Terza Edizione',5580, 1.78),
(119, 81, 2021, 'Prima Edizone',10500, 1),
(120, 81, 2020, 'Edizione Blu-Ray',8940, 1),
(121, 82, 2020, 'Terza Edizione',10740, 1.78),
(122, 82, 2022, 'Seconda Edizione',9000, 1.78),
(123, 83, 2022, 'Seconda Edizione',9960, 1.78),
(124, 84, 2023, 'Prima Edizone',8160, 1),
(125, 84, 2027, 'Edizione Blu-Ray',6120, 1),
(126, 85, 2026, 'Edizione Blu-Ray',9480, 1.33),
(127, 85, 2022, 'Prima Edizone',8940, 1),
(128, 86, 2020, 'Seconda Edizione',7380, 1.78),
(129, 87, 2024, 'Terza Edizione',6060, 1.33),
(130, 88, 2023, 'Seconda Edizione',8460, 1),
(131, 88, 2025, 'Prima Edizone',7800, 1),
(132, 89, 2026, 'Terza Edizione',8520, 1),
(133, 90, 2023, 'Edizione Blu-Ray',8160, 1.33),
(134, 91, 2025, 'Terza Edizione',7800, 1.33),
(135, 92, 2020, 'Edizione Blu-Ray',8460, 1),
(136, 93, 2024, 'Seconda Edizione',8580, 1.78),
(137, 93, 2020, 'Prima Edizone',8880, 1),
(138, 94, 2024, 'Seconda Edizione',7140, 1.78),
(139, 95, 2029, 'Terza Edizione',9060, 1.33),
(140, 95, 2024, 'Edizione Blu-Ray',6720, 1.78),
(141, 96, 2021, 'Edizione Blu-Ray',10320, 1.33),
(142, 97, 2021, 'Prima Edizone',5460, 1.78),
(143, 97, 2023, 'Prima Edizone',9660, 1.33),
(144, 98, 2024, 'Terza Edizione',8220, 1),
(145, 99, 2022, 'Terza Edizione',10200, 1.33),
(146, 99, 2022, 'Prima Edizone',7380, 1);

REPLACE INTO `Restrizione` (`Edizione`, `Paese`) VALUES
(65, 'AF'),
(102, 'AQ'),
(121, 'CO'),
(47, 'IT'),
(31, 'LT'),
(109, 'MG'),
(22, 'BR'),
(146, 'GB'),
(132, 'IL'),
(39, 'SB'),
(97, 'KH'),
(68, 'VA'),
(6, 'UZ'),
(14, 'SN'),
(66, 'SA'),
(69, 'LI'),
(8, 'AM'),
(146, 'KW'),
(124, 'GB'),
(15, 'CY'),
(55, 'HK'),
(129, 'LI'),
(24, 'GZ'),
(96, 'NI'),
(4, 'PA'),
(2, 'PA'),
(77, 'BF'),
(64, 'EG'),
(51, 'AD'),
(140, 'CR'),
(13, 'ET'),
(67, 'PA'),
(20, 'ES'),
(129, 'PH'),
(137, 'QA'),
(85, 'BV'),
(31, 'DZ'),
(90, 'SI'),
(135, 'ID'),
(95, 'RS'),
(51, 'AM'),
(37, 'UG'),
(63, 'NR'),
(31, 'NO'),
(20, 'AR'),
(37, 'AI'),
(50, 'MN'),
(27, 'PE'),
(51, 'BO'),
(40, 'FO'),
(46, 'ER'),
(63, 'LV'),
(30, 'FR'),
(116, 'SB'),
(1, 'PA'),
(70, 'PL'),
(21, 'GH'),
(142, 'GR'),
(88, 'AE'),
(133, 'GD'),
(68, 'GF'),
(15, 'RW'),
(22, 'DZ'),
(60, 'QA'),
(20, 'GH'),
(132, 'SH'),
(13, 'WF'),
(26, 'GI'),
(11, 'UZ'),
(50, 'TR'),
(139, 'IE'),
(4, 'UG'),
(119, 'HK'),
(137, 'XK'),
(5, 'MM'),
(38, 'PL'),
(3, 'CR'),
(1, 'KZ'),
(27, 'GZ'),
(74, 'IQ'),
(52, 'SG'),
(70, 'CK'),
(90, 'RO'),
(75, 'AO'),
(119, 'ML'),
(41, 'AR'),
(9, 'WS'),
(112, 'BT'),
(9, 'IE'),
(51, 'KH'),
(31, 'SD'),
(41, 'LI'),
(139, 'UA'),
(118, 'GG'),
(21, 'AE'),
(58, 'KZ'),
(118, 'SB'),
(24, 'IR'),
(37, 'XK'),
(61, 'SK'),
(102, 'BV'),
(117, 'CR'),
(17, 'FI'),
(83, 'GD'),
(138, 'RE'),
(69, 'BV'),
(46, 'ZM'),
(89, 'IL'),
(15, 'GM'),
(110, 'MK'),
(45, 'CK'),
(70, 'AR'),
(64, 'HK'),
(33, 'VC'),
(127, 'CL'),
(60, 'SK'),
(138, 'ID'),
(12, 'NZ'),
(76, 'GL'),
(76, 'CA'),
(53, 'ZM'),
(42, 'WF'),
(76, 'GH'),
(25, 'GE'),
(55, 'RS'),
(128, 'VU'),
(63, 'SI'),
(81, 'BW'),
(55, 'LU'),
(94, 'KW'),
(47, 'SO'),
(94, 'PE'),
(23, 'LB'),
(60, 'VG'),
(117, 'AQ'),
(41, 'OM'),
(85, 'EC'),
(96, 'CZ'),
(81, 'MC'),
(42, 'GG'),
(135, 'ML'),
(19, 'LS'),
(30, 'CO'),
(45, 'AD'),
(59, 'WS'),
(118, 'AT');

INSERT INTO `FormatoCodifica` (`Famiglia`, `Versione`, `Lossy`, `MaxBitRate`) VALUES
    ('ALAC', '1', FALSE, 100000000),
    ('ALAC', '2', FALSE, 100000000),
    ('ALAC', '3', FALSE, 100000000),
    ('MPEG-4', '1', TRUE, 200000000),
    ('MPEG-4', '2', TRUE, 200000000),
    ('MPEG-4', '3', TRUE, NULL),
    ('H', '264', FALSE, 100000000),
    ('H', '265', FALSE, 100000000);

REPLACE INTO `File` (
    `ID`, `Edizione`, 
    `Dimensione`, `BitRate`, `FormatoContenitore`, 
    `FamigliaAudio`, `VersioneAudio`, `FamigliaVideo`, `VersioneVideo`,
    `Risoluzione`, `FPS`, `BitDepth`, `Frequenza`) VALUES
(1, 1, 9780499758, 7784832, 'avi','MPEG-4','1','H','264',4096,30,64,35174),
(2, 1, 2194747086, 20124678, 'mov','ALAC','3','H','264',360,30,8,28319),
(3, 2, 3482176694, 8562958, 'mp4','ALAC','3','H','265',720,30,64,25158),
(4, 2, 3119679570, 5063570, 'mp4','ALAC','1','H','265',360,30,32,45241),
(5, 3, 2914636902, 27586818, 'avi','ALAC','1','H','264',720,30,16,51674),
(6, 3, 3301639803, 6587310, 'mkv','MPEG-4','2','H','265',4096,30,64,73044),
(7, 4, 1817956253, 13702901, 'mkv','MPEG-4','2','H','264',1080,30,16,61224),
(8, 5, 3150503551, 8776829, 'avi','ALAC','3','H','264',16384,30,16,64240),
(9, 6, 5170757368, 11786887, 'mkv','ALAC','3','H','265',1080,30,4,28527),
(10, 7, 1738208197, 22776200, 'mp4','MPEG-4','3','H','264',4096,30,4,46138),
(11, 8, 1849264014, 7997091, 'mkv','MPEG-4','1','H','264',720,30,64,80140),
(12, 8, 5011518826, 10108643, 'mkv','ALAC','2','H','265',720,30,16,20547),
(13, 9, 9754705796, 30666571, 'avi','ALAC','1','H','265',4096,30,8,97720),
(14, 10, 2235651618, 24209786, 'avi','ALAC','1','H','264',2160,30,32,89587),
(15, 11, 5613671714, 26287224, 'mov','MPEG-4','3','H','265',16384,30,16,21313),
(16, 12, 3964677329, 18418199, 'avi','MPEG-4','3','H','265',720,30,8,52685),
(17, 13, 9888059886, 29616743, 'mp4','MPEG-4','3','H','265',2160,30,16,99180),
(18, 14, 5613492142, 15947628, 'mov','ALAC','3','H','265',16384,30,32,61203),
(19, 14, 7995877603, 24867743, 'mov','MPEG-4','1','H','264',360,30,8,21233),
(20, 15, 3974107287, 21037717, 'avi','MPEG-4','2','H','265',720,30,4,98733),
(21, 16, 9709289437, 4252031, 'mov','ALAC','3','H','265',2160,30,8,83927),
(22, 16, 4387207771, 29217525, 'mkv','MPEG-4','1','H','265',360,30,16,30507),
(23, 17, 3739355846, 5640344, 'avi','ALAC','2','H','264',2160,30,32,77423),
(24, 17, 1737438102, 11457437, 'mov','ALAC','3','H','265',16384,30,8,58759),
(25, 18, 6744383071, 9566823, 'mkv','ALAC','3','H','265',4096,30,32,44939),
(26, 19, 4886238043, 7178746, 'mp4','ALAC','1','H','265',720,30,8,51371),
(27, 20, 1574290769, 22770869, 'avi','MPEG-4','2','H','265',360,30,64,84389),
(28, 21, 5838857992, 14926183, 'mp4','MPEG-4','1','H','264',2160,30,4,27282),
(29, 21, 6464079451, 20308843, 'mkv','MPEG-4','1','H','265',16384,30,64,56024),
(30, 22, 6863449856, 12174525, 'mp4','ALAC','2','H','265',720,30,4,93183),
(31, 23, 9623169185, 15680370, 'mp4','ALAC','2','H','264',16384,30,8,35678),
(32, 24, 9595549618, 16381771, 'avi','MPEG-4','2','H','265',720,30,32,94716),
(33, 24, 5408723192, 23809869, 'mov','ALAC','1','H','264',720,30,16,74429),
(34, 25, 1589375564, 4328234, 'avi','MPEG-4','3','H','264',4096,30,4,86231),
(35, 26, 5655345711, 27565622, 'mp4','ALAC','2','H','264',4096,30,4,87491),
(36, 27, 4696068452, 16975104, 'mov','MPEG-4','2','H','264',16384,30,8,82514),
(37, 28, 2353808307, 20719482, 'mkv','MPEG-4','3','H','265',360,30,4,68382),
(38, 29, 8489072508, 13140680, 'avi','MPEG-4','3','H','264',1080,30,8,29242),
(39, 30, 4977027567, 5039743, 'mp4','MPEG-4','2','H','265',1080,30,8,87728),
(40, 30, 3634854274, 20106882, 'mkv','MPEG-4','2','H','265',2160,30,32,79543),
(41, 31, 3647028526, 4116056, 'mkv','ALAC','1','H','265',360,30,32,73056),
(42, 31, 2273738298, 6182991, 'avi','MPEG-4','1','H','265',4096,30,4,96387),
(43, 32, 1883116783, 22032680, 'mov','MPEG-4','1','H','265',2160,30,16,96596),
(44, 32, 7835206838, 31110205, 'mov','ALAC','3','H','264',360,30,4,46634),
(45, 33, 2007718650, 21612913, 'avi','ALAC','2','H','264',720,30,64,89316),
(46, 33, 7351936733, 12897175, 'avi','MPEG-4','1','H','265',360,30,4,73281),
(47, 34, 6249066804, 13999758, 'avi','ALAC','2','H','265',16384,30,8,41904),
(48, 34, 2280171203, 9304503, 'mov','MPEG-4','1','H','264',4096,30,16,72678),
(49, 35, 3279879528, 19439067, 'mp4','MPEG-4','1','H','264',2160,30,4,77517),
(50, 36, 9902145270, 17543954, 'mov','MPEG-4','2','H','265',360,30,64,51247),
(51, 36, 3295503149, 10539842, 'mkv','MPEG-4','1','H','265',720,30,8,33984),
(52, 37, 3796223942, 21612496, 'mp4','ALAC','2','H','265',2160,30,32,66742),
(53, 38, 4467726853, 7491130, 'avi','ALAC','2','H','264',720,30,64,58939),
(54, 38, 4902294848, 26181936, 'avi','ALAC','2','H','264',720,30,16,93549),
(55, 39, 9209666681, 26193928, 'avi','MPEG-4','1','H','264',720,30,8,89068),
(56, 40, 3056636403, 23072008, 'mkv','MPEG-4','2','H','264',2160,30,16,30117),
(57, 40, 5721151573, 14048029, 'mp4','ALAC','3','H','264',720,30,64,63928),
(58, 41, 3702601440, 26887612, 'avi','MPEG-4','2','H','264',4096,30,64,92083),
(59, 41, 6776803436, 23073118, 'avi','ALAC','2','H','265',4096,30,32,32007),
(60, 42, 9070705280, 22534337, 'mkv','ALAC','1','H','265',16384,30,16,21720),
(61, 42, 6433521818, 9791663, 'avi','MPEG-4','1','H','264',720,30,64,46835),
(62, 43, 8087116599, 15695884, 'mov','MPEG-4','1','H','264',1080,30,8,57960),
(63, 44, 5417860911, 6163901, 'mp4','MPEG-4','1','H','265',360,30,64,43411),
(64, 44, 5083051409, 28202240, 'mkv','ALAC','3','H','264',720,30,4,64120),
(65, 45, 6384433649, 8022306, 'mkv','MPEG-4','2','H','265',1080,30,64,34590),
(66, 46, 2967082988, 27816995, 'avi','ALAC','1','H','265',720,30,8,48179),
(67, 47, 1950053718, 11825041, 'mp4','ALAC','1','H','265',360,30,32,25556),
(68, 47, 4432203326, 17483579, 'mkv','MPEG-4','2','H','264',360,30,8,66484),
(69, 48, 8671928949, 5210467, 'mp4','ALAC','1','H','264',720,30,8,72622),
(70, 49, 9097827450, 29502419, 'mov','ALAC','2','H','264',360,30,4,60848),
(71, 49, 8036112935, 17864558, 'mp4','ALAC','2','H','265',2160,30,32,80255),
(72, 50, 6426467852, 10401611, 'mkv','MPEG-4','2','H','264',360,30,4,31317),
(73, 51, 2011267397, 21441978, 'mkv','ALAC','2','H','264',4096,30,8,56684),
(74, 51, 7279866386, 9246438, 'mkv','ALAC','3','H','265',360,30,8,57478),
(75, 52, 4185401047, 23335161, 'mkv','ALAC','2','H','264',360,30,8,36398),
(76, 53, 3901018437, 7808035, 'mp4','ALAC','1','H','264',360,30,64,65496),
(77, 53, 8276286966, 14068430, 'mp4','ALAC','2','H','265',360,30,4,30692),
(78, 54, 4327309472, 28448776, 'mov','ALAC','3','H','265',360,30,64,32926),
(79, 54, 2244242014, 27063656, 'mov','ALAC','3','H','265',16384,30,32,81905),
(80, 55, 2335378679, 10454313, 'mp4','ALAC','3','H','265',16384,30,4,68854),
(81, 55, 5142110250, 5376360, 'mp4','MPEG-4','3','H','265',720,30,16,62517),
(82, 56, 4088611565, 22782543, 'mp4','MPEG-4','2','H','264',2160,30,4,58095),
(83, 57, 2943181537, 3215917, 'mov','MPEG-4','2','H','265',2160,30,8,93653),
(84, 57, 8472066006, 22632990, 'mp4','ALAC','3','H','265',1080,30,16,38751),
(85, 58, 9940116175, 18602801, 'mov','ALAC','3','H','265',4096,30,64,55543),
(86, 58, 1886122976, 29136941, 'mov','ALAC','3','H','265',360,30,16,75507),
(87, 59, 6712341554, 3609255, 'mov','MPEG-4','1','H','264',360,30,64,67246),
(88, 60, 2607071157, 30908135, 'mov','MPEG-4','2','H','264',2160,30,8,77565),
(89, 61, 8118779554, 5262767, 'mp4','MPEG-4','3','H','264',2160,30,8,33609),
(90, 62, 4853199629, 19182806, 'mkv','ALAC','1','H','264',16384,30,8,27222),
(91, 63, 6084154843, 8575902, 'mp4','MPEG-4','3','H','265',360,30,32,79060),
(92, 63, 9567200833, 5893253, 'mkv','ALAC','1','H','265',2160,30,64,82987),
(93, 64, 3732814113, 13502774, 'mp4','MPEG-4','3','H','265',4096,30,32,96448),
(94, 64, 5790906571, 28563809, 'avi','ALAC','2','H','264',720,30,64,28903),
(95, 65, 2364089368, 4013167, 'avi','MPEG-4','3','H','265',16384,30,64,81565),
(96, 66, 4817591792, 9003326, 'mov','ALAC','3','H','264',720,30,4,98480),
(97, 67, 5590392379, 29364838, 'mov','ALAC','2','H','264',360,30,16,58850),
(98, 67, 6919202206, 21257682, 'mov','MPEG-4','3','H','264',360,30,16,41311),
(99, 68, 3571267987, 16260490, 'mp4','MPEG-4','3','H','264',1080,30,4,20722),
(100, 69, 5347189225, 10319083, 'mp4','MPEG-4','1','H','265',360,30,4,50970),
(101, 69, 3568069240, 30330530, 'avi','ALAC','3','H','265',720,30,64,81033),
(102, 70, 8735007052, 16766161, 'mkv','MPEG-4','3','H','264',4096,30,8,75255),
(103, 70, 9719170150, 26647644, 'avi','ALAC','2','H','264',720,30,4,33712),
(104, 71, 4322927347, 17059303, 'mkv','ALAC','3','H','264',720,30,16,65512),
(105, 72, 1916099231, 26725795, 'mp4','MPEG-4','1','H','264',1080,30,32,43051),
(106, 73, 9716193699, 8266808, 'mp4','ALAC','2','H','264',360,30,8,71399),
(107, 74, 6808179692, 15088909, 'mp4','MPEG-4','3','H','265',4096,30,64,54738),
(108, 74, 9566472157, 22856730, 'mp4','ALAC','3','H','265',16384,30,64,99657),
(109, 75, 5005731035, 14999558, 'avi','MPEG-4','1','H','265',720,30,32,90663),
(110, 76, 9944259535, 23557367, 'avi','MPEG-4','2','H','265',360,30,8,79044),
(111, 77, 7421703846, 6027306, 'avi','MPEG-4','3','H','264',720,30,16,91660),
(112, 78, 1101173421, 13635896, 'mkv','MPEG-4','3','H','265',720,30,8,46859),
(113, 78, 3607399327, 14955876, 'avi','ALAC','2','H','265',4096,30,8,52713),
(114, 79, 5096579779, 15596880, 'mkv','MPEG-4','1','H','265',4096,30,4,57223),
(115, 79, 4291285574, 7374046, 'mkv','ALAC','1','H','265',360,30,32,57479),
(116, 80, 5688147959, 20117767, 'mov','MPEG-4','1','H','265',1080,30,8,49941),
(117, 80, 5423624544, 26029346, 'avi','ALAC','1','H','264',360,30,16,73066),
(118, 81, 5080690663, 3764274, 'avi','MPEG-4','3','H','265',16384,30,64,44962),
(119, 81, 6073094734, 30342045, 'mkv','MPEG-4','3','H','264',360,30,8,30871),
(120, 82, 7742980657, 28112250, 'avi','ALAC','2','H','264',16384,30,8,90659),
(121, 83, 5553003425, 24577903, 'mov','ALAC','1','H','264',2160,30,32,70108),
(122, 83, 8821797646, 23483926, 'mov','ALAC','1','H','264',360,30,8,72843),
(123, 84, 4251768701, 26516834, 'mov','ALAC','1','H','264',16384,30,64,72220),
(124, 85, 1952869356, 22677033, 'mp4','ALAC','1','H','264',2160,30,32,21541),
(125, 85, 5966233028, 23793487, 'avi','ALAC','1','H','265',16384,30,32,75808),
(126, 86, 7376968011, 18991954, 'avi','ALAC','1','H','264',1080,30,64,46678),
(127, 86, 4219649554, 17309105, 'mov','ALAC','3','H','265',2160,30,8,35071),
(128, 87, 4935721685, 18630363, 'mp4','ALAC','1','H','264',360,30,16,78969),
(129, 87, 9044699988, 23283859, 'mkv','MPEG-4','2','H','264',2160,30,16,28548),
(130, 88, 1325848724, 11086663, 'mov','MPEG-4','1','H','265',720,30,32,81994),
(131, 88, 5158062321, 8294978, 'avi','ALAC','2','H','264',360,30,16,80289),
(132, 89, 7716612327, 26151762, 'avi','ALAC','3','H','264',2160,30,16,86727),
(133, 89, 1307585763, 17686864, 'mov','ALAC','3','H','265',2160,30,64,57763),
(134, 90, 6606617488, 10301907, 'mkv','MPEG-4','3','H','265',1080,30,32,29283),
(135, 90, 2039252901, 12547495, 'avi','ALAC','2','H','265',720,30,4,64012),
(136, 91, 3282547931, 17926205, 'mp4','ALAC','2','H','264',16384,30,4,58115),
(137, 92, 7677128734, 13518402, 'mov','ALAC','1','H','265',360,30,4,60132),
(138, 93, 8318978849, 19787292, 'avi','ALAC','2','H','265',360,30,32,90887),
(139, 93, 6765164630, 12413228, 'mov','ALAC','1','H','265',4096,30,64,98823),
(140, 94, 9818392560, 20581692, 'mov','ALAC','2','H','264',1080,30,8,24267),
(141, 94, 5428732898, 22440407, 'mp4','ALAC','3','H','265',16384,30,4,26378),
(142, 95, 4449627980, 12874945, 'mp4','MPEG-4','1','H','264',720,30,32,98066),
(143, 95, 3797721654, 24938959, 'mkv','ALAC','3','H','265',360,30,32,25225),
(144, 96, 8179934386, 3881642, 'mov','MPEG-4','1','H','264',360,30,4,75591),
(145, 96, 6494916330, 29246948, 'mkv','ALAC','2','H','265',16384,30,64,50752),
(146, 97, 4910022314, 9535356, 'mov','MPEG-4','3','H','265',360,30,8,91422),
(147, 98, 3897207794, 16239652, 'mov','ALAC','3','H','265',16384,30,4,23680),
(148, 98, 5072919540, 13861007, 'mkv','MPEG-4','1','H','265',360,30,32,21788),
(149, 99, 4307177713, 11195216, 'mp4','MPEG-4','2','H','264',360,30,8,42977),
(150, 99, 4458881392, 9646163, 'mkv','MPEG-4','2','H','264',1080,30,4,49315),
(151, 100, 5982684263, 30353331, 'mkv','ALAC','1','H','264',360,30,8,29712),
(152, 101, 1152537503, 17875409, 'mkv','MPEG-4','3','H','264',720,30,32,51410),
(153, 101, 8500425918, 25878529, 'mp4','ALAC','1','H','265',720,30,4,70033),
(154, 102, 1420579622, 19761699, 'mkv','MPEG-4','2','H','265',360,30,64,47856),
(155, 103, 7158986457, 27298348, 'avi','MPEG-4','2','H','265',1080,30,64,74692),
(156, 103, 5142675242, 9293886, 'mp4','MPEG-4','3','H','264',720,30,16,91928),
(157, 104, 5546809879, 3154412, 'mkv','MPEG-4','3','H','264',360,30,4,70746),
(158, 105, 5050881331, 21246292, 'mov','MPEG-4','2','H','264',4096,30,32,45159),
(159, 106, 3024882515, 24254306, 'avi','ALAC','1','H','264',4096,30,8,67116),
(160, 106, 4517598919, 24629841, 'mov','MPEG-4','3','H','265',4096,30,32,74871),
(161, 107, 6283697838, 22530051, 'mp4','MPEG-4','2','H','264',360,30,64,89666),
(162, 108, 5791384150, 5105334, 'mkv','MPEG-4','1','H','265',360,30,4,95771),
(163, 109, 2074506144, 27704091, 'mp4','ALAC','3','H','264',4096,30,4,77779),
(164, 110, 1492325353, 17321998, 'mov','ALAC','1','H','265',360,30,4,30888),
(165, 111, 7301029940, 22279386, 'mov','MPEG-4','1','H','264',1080,30,64,23252),
(166, 112, 2767811177, 11105408, 'mov','MPEG-4','3','H','265',2160,30,64,64732),
(167, 113, 8152509175, 14361710, 'avi','ALAC','3','H','264',4096,30,8,88765),
(168, 113, 6903359194, 28117223, 'mp4','MPEG-4','1','H','264',16384,30,64,82700),
(169, 114, 9072241611, 13535942, 'mkv','MPEG-4','3','H','265',2160,30,64,87173),
(170, 114, 8926828348, 20177590, 'mov','ALAC','2','H','264',4096,30,64,25182),
(171, 115, 7533809431, 10692542, 'mp4','ALAC','1','H','265',16384,30,8,29497),
(172, 116, 1985050428, 9057394, 'mov','ALAC','1','H','265',2160,30,4,44279),
(173, 117, 4684709416, 7252578, 'avi','ALAC','3','H','265',4096,30,4,54273),
(174, 118, 6906142414, 10754128, 'mp4','ALAC','3','H','264',360,30,64,50843),
(175, 119, 6597984108, 8962620, 'mov','ALAC','1','H','264',720,30,16,62000),
(176, 120, 8590807048, 10111611, 'mkv','MPEG-4','1','H','264',1080,30,64,86247),
(177, 120, 7384067785, 12416285, 'mp4','MPEG-4','1','H','264',2160,30,16,52159),
(178, 121, 1007794706, 3846207, 'mov','ALAC','3','H','264',2160,30,8,43470),
(179, 122, 5493093502, 25959619, 'mp4','MPEG-4','3','H','265',360,30,64,44982),
(180, 123, 7466722724, 17458342, 'mkv','ALAC','2','H','265',2160,30,32,22205),
(181, 123, 5428505128, 22219477, 'mp4','MPEG-4','1','H','265',2160,30,32,69328),
(182, 124, 2894627953, 24766963, 'mp4','ALAC','1','H','264',360,30,64,22465),
(183, 125, 1375216664, 16667428, 'mov','ALAC','2','H','265',360,30,16,75722),
(184, 126, 9883792278, 29767186, 'mp4','MPEG-4','1','H','265',720,30,16,49603),
(185, 126, 6695066890, 27431863, 'mov','ALAC','3','H','264',720,30,8,47313),
(186, 127, 7378436032, 3184313, 'avi','MPEG-4','2','H','264',720,30,16,86272),
(187, 127, 8439569071, 7408974, 'avi','ALAC','3','H','264',1080,30,64,25859),
(188, 128, 8648175028, 27425961, 'mp4','MPEG-4','3','H','265',2160,30,4,36963),
(189, 129, 9308073289, 13823911, 'mkv','MPEG-4','2','H','264',720,30,32,31453),
(190, 129, 5206794191, 6893268, 'avi','ALAC','3','H','265',360,30,32,60422),
(191, 130, 5009861596, 3567639, 'avi','MPEG-4','1','H','265',720,30,16,31403),
(192, 131, 8953556356, 9572550, 'mov','MPEG-4','3','H','265',720,30,64,47400),
(193, 132, 7348397785, 24744676, 'mkv','ALAC','2','H','265',720,30,32,62026),
(194, 133, 6164574568, 27281755, 'avi','MPEG-4','3','H','265',2160,30,8,84412),
(195, 133, 8375350600, 13259696, 'avi','MPEG-4','2','H','264',2160,30,16,41620),
(196, 134, 7103337329, 20340026, 'mov','ALAC','1','H','264',2160,30,4,83017),
(197, 135, 5106385648, 19460788, 'avi','MPEG-4','1','H','264',2160,30,64,89846),
(198, 136, 5519791363, 18569376, 'mp4','MPEG-4','1','H','264',720,30,4,91311),
(199, 136, 3016378151, 29842055, 'mov','ALAC','1','H','264',4096,30,16,97495),
(200, 137, 4447530793, 20164341, 'avi','MPEG-4','3','H','265',720,30,16,45566),
(201, 138, 5587681136, 18648531, 'avi','MPEG-4','2','H','265',360,30,64,45095),
(202, 139, 2858388391, 29175179, 'avi','MPEG-4','3','H','264',360,30,4,51787),
(203, 139, 6006648051, 9824600, 'mov','ALAC','2','H','265',2160,30,32,75468),
(204, 140, 3320090434, 13950015, 'mp4','ALAC','2','H','265',2160,30,32,42976),
(205, 140, 7648363977, 9999880, 'avi','MPEG-4','2','H','265',4096,30,64,63036),
(206, 141, 3863308761, 5304353, 'mov','MPEG-4','2','H','264',4096,30,32,58611),
(207, 142, 1628266308, 28057667, 'mov','MPEG-4','2','H','265',16384,30,16,69965),
(208, 143, 4422055174, 6283551, 'avi','ALAC','1','H','264',2160,30,32,76932),
(209, 144, 6819675406, 19650373, 'mp4','MPEG-4','2','H','264',720,30,32,37400),
(210, 144, 8464225151, 10028047, 'avi','MPEG-4','1','H','265',2160,30,32,98579),
(211, 145, 4161854958, 29676250, 'mkv','MPEG-4','1','H','264',4096,30,64,54114),
(212, 145, 9510818778, 7670933, 'mkv','MPEG-4','3','H','265',360,30,64,41423),
(213, 146, 4659754295, 12817327, 'avi','MPEG-4','2','H','264',1080,30,16,35957);


REPLACE INTO `Doppiaggio` (`File`, `Lingua`) VALUES
(1, 'Slovacco'),
(1, 'Indonesiano'),
(1, 'Rumeno'),
(2, 'Catalano'),
(2, 'Pohnpeiano'),
(2, 'Francese'),
(2, 'Bielorusso'),
(3, 'Malgascio'),
(3, 'Ruteno'),
(4, 'Sindhi'),
(4, 'Yue'),
(4, 'Islandese'),
(4, 'Inglese'),
(5, 'Nepalese'),
(5, 'Georgiano'),
(6, 'Islandese'),
(6, 'Faroese'),
(7, 'Danese'),
(7, 'Turkmeno'),
(7, 'Groenlandese'),
(7, 'Irlandese'),
(8, 'Creolo'),
(8, 'Moldavo'),
(8, 'Norvegese'),
(8, 'Shona'),
(9, 'Creolo'),
(9, 'Swahili'),
(9, 'Ruteno'),
(9, 'Ucraino'),
(10, 'Ungherese'),
(10, 'Giapponese'),
(10, 'Croato'),
(10, 'Figiano'),
(11, 'Pohnpeiano'),
(11, 'Slovacco'),
(12, 'Inglese'),
(12, 'Slovacco'),
(13, 'Thai'),
(13, 'Ladino'),
(14, 'Pashto'),
(14, 'Monegasco'),
(15, 'Curdo'),
(15, 'Lettone'),
(16, 'Ucraino'),
(16, 'Svedese'),
(16, 'Polacco'),
(17, 'Papiamento'),
(17, 'Hindi'),
(17, 'Malgascio'),
(17, 'Lussemburghese'),
(18, 'Olandese'),
(18, 'Kannada'),
(18, 'Chichewa'),
(19, 'Malese'),
(19, 'Tamil'),
(19, 'Bislamo'),
(20, 'Monegasco'),
(20, 'Italiano'),
(21, 'Lussemburghese'),
(21, 'Gujarati'),
(22, 'Maithili'),
(22, 'Uzbeko'),
(23, 'Somalo'),
(23, 'Urdu'),
(24, 'Lussemburghese'),
(24, 'Turkmeno'),
(24, 'Gilbertese'),
(24, 'Tswana'),
(25, 'Ladino'),
(25, 'Olandese'),
(25, 'Ruteno'),
(26, 'Indonesiano'),
(26, 'Marshallese'),
(26, 'Hawaiano'),
(26, 'Singalese'),
(27, 'Kannada'),
(27, 'Bielorusso'),
(27, 'Marshallese'),
(27, 'Chamorro'),
(28, 'Francese'),
(28, 'Figiano'),
(28, 'Pohnpeiano'),
(28, 'Kosraese'),
(29, 'Ungherese'),
(29, 'Turkmeno'),
(29, 'Olandese'),
(30, 'Persiano'),
(30, 'Tedesco'),
(31, 'Inglese'),
(31, 'Spagnolo'),
(31, 'Lituano'),
(31, 'Zulu'),
(32, 'Chamorro'),
(32, 'Sindhi'),
(32, 'Hindi'),
(33, 'Xhosa'),
(33, 'Maithili'),
(34, 'Albanese'),
(34, 'Gilbertese'),
(34, 'Olandese'),
(34, 'Lituano'),
(35, 'Spagnolo'),
(35, 'Islandese'),
(35, 'Zulu'),
(36, 'Nauruana'),
(36, 'Mandarino'),
(36, 'Malayalam'),
(36, 'Thai'),
(37, 'Groenlandese'),
(37, 'Tsonga'),
(37, 'Olandese'),
(37, 'Bodo'),
(38, 'Zulu'),
(38, 'Malese'),
(38, 'Bosniaco'),
(38, 'Ruteno'),
(39, 'Palauano'),
(39, 'Figiano'),
(39, 'Marathi'),
(39, 'Tetum'),
(40, 'Romaní'),
(40, 'Arabo'),
(40, 'Estone'),
(41, 'Palauano'),
(41, 'Armeno'),
(41, 'Giavanese'),
(42, 'Tataro'),
(42, 'Italiano'),
(42, 'Urdu'),
(43, 'Tsonga'),
(43, 'Shona'),
(43, 'Swahili'),
(43, 'Manipuri'),
(44, 'Ungherese'),
(44, 'Turkmeno'),
(45, 'Giavanese'),
(45, 'Yiddish'),
(46, 'Gilbertese'),
(46, 'Tedesco'),
(46, 'Inglese'),
(47, 'Bosniaco'),
(47, 'Ungherese'),
(48, 'Tetum'),
(48, 'Pashto'),
(49, 'Nepalese'),
(49, 'Venda'),
(50, 'Tsonga'),
(50, 'Mirandese'),
(50, 'Comoriano'),
(50, 'Turkmeno'),
(51, 'Uzbeko'),
(51, 'Slovacco'),
(51, 'Russo'),
(52, 'Lettone'),
(52, 'Lettone'),
(53, 'Giavanese'),
(53, 'Lussemburghese'),
(53, 'Ucraino'),
(53, 'Uzbeko'),
(54, 'Mandarino'),
(54, 'Tosco'),
(55, 'Moldavo'),
(55, 'Bulgaro'),
(56, 'Occitano'),
(56, 'Islandese'),
(56, 'Afrikaans'),
(57, 'Maltese'),
(57, 'Zulu'),
(58, 'Hindi'),
(58, 'Maori'),
(58, 'Shona'),
(59, 'Kashmiri'),
(59, 'Nauruana'),
(60, 'Marathi'),
(60, 'Coreano'),
(60, 'Malayalam'),
(60, 'Romaní'),
(61, 'Svedese'),
(61, 'Ucraino'),
(62, 'Islandese'),
(62, 'Caroliniano'),
(62, 'Venda'),
(62, 'Tswana'),
(63, 'Mongolo'),
(63, 'Malese'),
(63, 'Islandese'),
(63, 'Groenlandese'),
(64, 'Georgiano'),
(64, 'Romaní'),
(64, 'Ebraico'),
(64, 'Zulu'),
(65, 'Xhosa'),
(65, 'Malgascio'),
(65, 'Tsonga'),
(65, 'Macedone'),
(66, 'Giapponese'),
(66, 'Occitano'),
(66, 'Albanese'),
(67, 'Groenlandese'),
(67, 'Swahili'),
(67, 'Bosniaco'),
(68, 'Uzbeko'),
(68, 'Danese'),
(68, 'Punjabi'),
(69, 'Marathi'),
(69, 'Romancio'),
(69, 'Occitano'),
(69, 'Armeno'),
(70, 'Caroliniano'),
(70, 'Yiddish'),
(71, 'Tsonga'),
(71, 'Chuukese'),
(71, 'Telugu'),
(71, 'Arabo'),
(72, 'Ruteno'),
(72, 'Russo'),
(72, 'Rumeno'),
(72, 'Faroese'),
(73, 'Tosco'),
(73, 'Chichewa'),
(73, 'Singalese'),
(73, 'Creolo'),
(74, 'Pashto'),
(74, 'Maithili'),
(74, 'Bulgaro'),
(74, 'Tedesco'),
(75, 'Lao'),
(75, 'Singalese'),
(75, 'Inglese'),
(75, 'Zulu'),
(76, 'Coreano'),
(76, 'Groenlandese'),
(76, 'Pohnpeiano'),
(77, 'Polacco'),
(77, 'Thai'),
(77, 'Oriya'),
(78, 'Tataro'),
(78, 'Macedone'),
(78, 'Tosco'),
(79, 'Turkmeno'),
(79, 'Singalese'),
(80, 'Mandarino'),
(80, 'Urdu'),
(80, 'Ruteno'),
(81, 'Papiamento'),
(81, 'Kosraese'),
(81, 'Pashto'),
(82, 'Ucraino'),
(82, 'Yorube'),
(82, 'Portoghese'),
(83, 'Rumeno'),
(83, 'Gilbertese'),
(83, 'Rumeno'),
(83, 'Lussemburghese'),
(84, 'Papiamento'),
(84, 'Portoghese'),
(84, 'Chichewa'),
(85, 'Xhosa'),
(85, 'Bosniaco'),
(85, 'Ungherese'),
(86, 'Marshallese'),
(86, 'Maltese'),
(87, 'Romancio'),
(87, 'Palauano'),
(87, 'Lituano'),
(87, 'Islandese'),
(88, 'Comoriano'),
(88, 'Chichewa'),
(88, 'Portoghese'),
(89, 'Sindhi'),
(89, 'Persiano'),
(89, 'Faroese'),
(89, 'Maori'),
(90, 'Mirandese'),
(90, 'Uzbeko'),
(90, 'Punjabi'),
(91, 'Gilbertese'),
(91, 'Inglese'),
(91, 'Chamorro'),
(91, 'Tsonga'),
(92, 'Lituano'),
(92, 'Lussemburghese'),
(92, 'Nepalese'),
(93, 'Kashmiri'),
(93, 'Chuukese'),
(93, 'Finlandese'),
(94, 'Moldavo'),
(94, 'Kosraese'),
(94, 'Rumeno'),
(94, 'Maori'),
(95, 'Hawaiano'),
(95, 'Urdu'),
(95, 'Afrikaans'),
(95, 'Bislamo'),
(96, 'Hawaiano'),
(96, 'Tsonga'),
(96, 'Yiddish'),
(97, 'Papiamento'),
(97, 'Palauano'),
(97, 'Curdo'),
(97, 'Monegasco'),
(98, 'Norvegese'),
(98, 'Singalese'),
(98, 'Ungherese'),
(99, 'Gilbertese'),
(99, 'Malgascio'),
(99, 'Giapponese'),
(100, 'Oriya'),
(100, 'Marshallese'),
(100, 'Francese'),
(100, 'Armeno'),
(101, 'Papiamento'),
(101, 'Maori'),
(102, 'Punjabi'),
(102, 'Swahili'),
(102, 'Yorube'),
(103, 'Ucraino'),
(103, 'Greco'),
(103, 'Tswana'),
(104, 'Nauruana'),
(104, 'Mandarino'),
(104, 'Figiano'),
(105, 'Filippino'),
(105, 'Ebraico'),
(106, 'Lettone'),
(106, 'Oriya'),
(106, 'Slovacco'),
(107, 'Hawaiano'),
(107, 'Turco'),
(108, 'Urdu'),
(108, 'Bosniaco'),
(109, 'Ladino'),
(109, 'Arabo'),
(110, 'Romaní'),
(110, 'Mirandese'),
(110, 'Bosniaco'),
(111, 'Curdo'),
(111, 'Persiano'),
(112, 'Manipuri'),
(112, 'Maltese'),
(112, 'Kashmiri'),
(113, 'Turkmeno'),
(113, 'Tosco'),
(113, 'Xhosa'),
(113, 'Thai'),
(114, 'Malayalam'),
(114, 'Catalano'),
(114, 'Maltese'),
(114, 'Monegasco'),
(115, 'Mongolo'),
(115, 'Mirandese'),
(115, 'Romancio'),
(115, 'Turkmeno'),
(116, 'Malgascio'),
(116, 'Shona'),
(117, 'Lituano'),
(117, 'Turco'),
(117, 'Maithili'),
(118, 'Macedone'),
(118, 'Bielorusso'),
(118, 'Svedese'),
(118, 'Gujarati'),
(119, 'Croato'),
(119, 'Palauano'),
(119, 'Islandese'),
(119, 'Figiano'),
(120, 'Tataro'),
(120, 'Occitano'),
(120, 'Comoriano'),
(120, 'Croato'),
(121, 'Catalano'),
(121, 'Greco'),
(122, 'Figiano'),
(122, 'Malese'),
(122, 'Bodo'),
(123, 'Romancio'),
(123, 'Danese'),
(123, 'Rumeno'),
(123, 'Armeno'),
(124, 'Shona'),
(124, 'Guaraní'),
(124, 'Caroliniano'),
(124, 'Palauano'),
(125, 'Manipuri'),
(125, 'Albanese'),
(125, 'Pohnpeiano'),
(125, 'Afrikaans'),
(126, 'Mirandese'),
(126, 'Ungherese'),
(127, 'Faroese'),
(127, 'Ungherese'),
(127, 'Occitano'),
(128, 'Lettone'),
(128, 'Francese'),
(128, 'Monegasco'),
(129, 'Palauano'),
(129, 'Tosco'),
(129, 'Svedese'),
(130, 'Marathi'),
(130, 'Lao'),
(130, 'Slovacco'),
(130, 'Lao'),
(131, 'Rumeno'),
(131, 'Ladino'),
(131, 'Malgascio'),
(131, 'Ladino'),
(132, 'Hawaiano'),
(132, 'Telugu'),
(132, 'Bulgaro'),
(132, 'Olandese'),
(133, 'Groenlandese'),
(133, 'Croato'),
(133, 'Malgascio'),
(134, 'Papiamento'),
(134, 'Curdo'),
(134, 'Yiddish'),
(134, 'Ucraino'),
(135, 'Kannada'),
(135, 'Yiddish'),
(135, 'Mandarino'),
(135, 'Lituano'),
(136, 'Estone'),
(136, 'Ceco'),
(137, 'Guaraní'),
(137, 'Moldavo'),
(138, 'Ladino'),
(138, 'Turco'),
(138, 'Albanese'),
(139, 'Maltese'),
(139, 'Singalese'),
(139, 'Comoriano'),
(140, 'Ebraico'),
(140, 'Italiano'),
(140, 'Islandese'),
(141, 'Norvegese'),
(141, 'Ruteno'),
(141, 'Ceco'),
(142, 'Macedone'),
(142, 'Sindhi'),
(142, 'Kosraese'),
(142, 'Tsonga'),
(143, 'Punjabi'),
(143, 'Creolo'),
(144, 'Kashmiri'),
(144, 'Ruteno'),
(145, 'Maithili'),
(145, 'Chamorro'),
(146, 'Irlandese'),
(146, 'Irlandese'),
(146, 'Tsonga'),
(146, 'Romancio'),
(147, 'Monegasco'),
(147, 'Catalano'),
(148, 'Tetum'),
(148, 'Lussemburghese'),
(148, 'Hindi'),
(148, 'Lussemburghese'),
(149, 'Malgascio'),
(149, 'Faroese'),
(149, 'Nepalese'),
(150, 'Bodo'),
(150, 'Malese'),
(150, 'Norvegese'),
(151, 'Uzbeko'),
(151, 'Ungherese'),
(151, 'Punjabi'),
(151, 'Bosniaco'),
(152, 'Shona'),
(152, 'Bielorusso'),
(152, 'Turco'),
(153, 'Faroese'),
(153, 'Yorube'),
(153, 'Comoriano'),
(153, 'Monegasco'),
(154, 'Palauano'),
(154, 'Moldavo'),
(155, 'Persiano'),
(155, 'Indonesiano'),
(155, 'Bosniaco'),
(155, 'Maltese'),
(156, 'Maithili'),
(156, 'Lituano'),
(156, 'Rumeno'),
(156, 'Lituano'),
(157, 'Guaraní'),
(157, 'Ceco'),
(158, 'Nepalese'),
(158, 'Pashto'),
(159, 'Pashto'),
(159, 'Maithili'),
(160, 'Tetum'),
(160, 'Marathi'),
(160, 'Islandese'),
(160, 'Pohnpeiano'),
(161, 'Norvegese'),
(161, 'Maithili'),
(161, 'Oriya'),
(162, 'Mongolo'),
(162, 'Oriya'),
(162, 'Manipuri'),
(162, 'Bosniaco'),
(163, 'Occitano'),
(163, 'Filippino'),
(163, 'Finlandese'),
(164, 'Gilbertese'),
(164, 'Monegasco'),
(164, 'Urdu'),
(164, 'Spagnolo'),
(165, 'Urdu'),
(165, 'Mirandese'),
(165, 'Monegasco'),
(166, 'Shona'),
(166, 'Danese'),
(166, 'Maori'),
(166, 'Gujarati'),
(167, 'Mongolo'),
(167, 'Palauano'),
(168, 'Bosniaco'),
(168, 'Chuukese'),
(168, 'Marshallese'),
(169, 'Pohnpeiano'),
(169, 'Maithili'),
(170, 'Nauruana'),
(170, 'Groenlandese'),
(171, 'Mirandese'),
(171, 'Uzbeko'),
(171, 'Marshallese'),
(171, 'Bosniaco'),
(172, 'Groenlandese'),
(172, 'Shona'),
(172, 'Tetum'),
(172, 'Mirandese'),
(173, 'Bielorusso'),
(173, 'Figiano'),
(173, 'Maori'),
(174, 'Turco'),
(174, 'Manipuri'),
(174, 'Afrikaans'),
(175, 'Tedesco'),
(175, 'Sindhi'),
(176, 'Norvegese'),
(176, 'Guaraní'),
(176, 'Xhosa'),
(177, 'Occitano'),
(177, 'Romancio'),
(177, 'Mandarino'),
(178, 'Ungherese'),
(178, 'Venda'),
(178, 'Romaní'),
(179, 'Bielorusso'),
(179, 'Lao'),
(179, 'Ladino'),
(179, 'Tosco'),
(180, 'Pohnpeiano'),
(180, 'Portoghese'),
(181, 'Greco'),
(181, 'Singalese'),
(181, 'Ruteno'),
(181, 'Tswana'),
(182, 'Ceco'),
(182, 'Kashmiri'),
(182, 'Telugu'),
(183, 'Persiano'),
(183, 'Thai'),
(184, 'Ruteno'),
(184, 'Curdo'),
(184, 'Russo'),
(184, 'Slovacco'),
(185, 'Yue'),
(185, 'Moldavo'),
(185, 'Guaraní'),
(186, 'Armeno'),
(186, 'Tamil'),
(186, 'Yue'),
(186, 'Tosco'),
(187, 'Ebraico'),
(187, 'Albanese'),
(188, 'Kashmiri'),
(188, 'Caroliniano'),
(189, 'Danese'),
(189, 'Finlandese'),
(190, 'Urdu'),
(190, 'Maltese'),
(190, 'Gilbertese'),
(190, 'Lituano'),
(191, 'Swahili'),
(191, 'Italiano'),
(192, 'Coreano'),
(192, 'Tedesco'),
(192, 'Francese'),
(193, 'Uzbeko'),
(193, 'Marshallese'),
(193, 'Moldavo'),
(193, 'Chichewa'),
(194, 'Tosco'),
(194, 'Italiano'),
(195, 'Punjabi'),
(195, 'Faroese'),
(195, 'Gujarati'),
(195, 'Filippino'),
(196, 'Xhosa'),
(196, 'Yue'),
(196, 'Persiano'),
(197, 'Afrikaans'),
(197, 'Persiano'),
(198, 'Albanese'),
(198, 'Lituano'),
(198, 'Papiamento'),
(199, 'Albanese'),
(199, 'Uzbeko'),
(199, 'Creolo'),
(199, 'Svedese'),
(200, 'Bosniaco'),
(200, 'Russo'),
(201, 'Swahili'),
(201, 'Islandese'),
(201, 'Italiano');

REPLACE INTO `Sottotitolaggio` (`File`, `Lingua`) VALUES
(1, 'Rumeno'),
(1, 'Islandese'),
(1, 'Estone'),
(2, 'Kosraese'),
(2, 'Spagnolo'),
(2, 'Kosraese'),
(2, 'Guaraní'),
(3, 'Kosraese'),
(3, 'Swahili'),
(3, 'Kosraese'),
(3, 'Afrikaans'),
(4, 'Bislamo'),
(4, 'Yapese'),
(4, 'Lussemburghese'),
(4, 'Latino'),
(5, 'Faroese'),
(5, 'Chuukese'),
(5, 'Swahili'),
(5, 'Moldavo'),
(6, 'Kashmiri'),
(6, 'Xhosa'),
(6, 'Marathi'),
(6, 'Ungherese'),
(7, 'Kannada'),
(7, 'Hawaiano'),
(7, 'Guaraní'),
(7, 'Palauano'),
(8, 'Bodo'),
(8, 'Russo'),
(8, 'Svedese'),
(8, 'Inglese'),
(9, 'Swahili'),
(9, 'Manipuri'),
(9, 'Svedese'),
(9, 'Mirandese'),
(10, 'Spagnolo'),
(10, 'Ungherese'),
(10, 'Francese'),
(10, 'Kosraese'),
(11, 'Maori'),
(11, 'Afrikaans'),
(12, 'Olandese'),
(12, 'Marshallese'),
(12, 'Chichewa'),
(12, 'Yue'),
(13, 'Rumeno'),
(13, 'Moldavo'),
(13, 'Urdu'),
(14, 'Oriya'),
(14, 'Kashmiri'),
(14, 'Bodo'),
(15, 'Hindi'),
(15, 'Nauruana'),
(15, 'Punjabi'),
(16, 'Uzbeko'),
(16, 'Portoghese'),
(17, 'Albanese'),
(17, 'Bosniaco'),
(17, 'Pohnpeiano'),
(17, 'Lituano'),
(18, 'Persiano'),
(18, 'Kosraese'),
(19, 'Malese'),
(19, 'Oriya'),
(19, 'Uzbeko'),
(19, 'Tedesco'),
(20, 'Kashmiri'),
(20, 'Occitano'),
(20, 'Olandese'),
(21, 'Arabo'),
(21, 'Lao'),
(21, 'Coreano'),
(21, 'Chichewa'),
(22, 'Rumeno'),
(22, 'Kosraese'),
(22, 'Estone'),
(23, 'Persiano'),
(23, 'Telugu'),
(24, 'Georgiano'),
(24, 'Malese'),
(25, 'Chichewa'),
(25, 'Croato'),
(26, 'Ruteno'),
(26, 'Danese'),
(27, 'Indonesiano'),
(27, 'Tswana'),
(28, 'Spagnolo'),
(28, 'Rumeno'),
(28, 'Malgascio'),
(29, 'Ucraino'),
(29, 'Ladino'),
(29, 'Chichewa'),
(30, 'Marathi'),
(30, 'Nepalese'),
(31, 'Bosniaco'),
(31, 'Latino'),
(31, 'Giavanese'),
(32, 'Chuukese'),
(32, 'Nauruana'),
(32, 'Punjabi'),
(33, 'Estone'),
(33, 'Maltese'),
(33, 'Tetum'),
(34, 'Finlandese'),
(34, 'Tswana'),
(34, 'Catalano'),
(35, 'Kashmiri'),
(35, 'Manipuri'),
(35, 'Malese'),
(36, 'Telugu'),
(36, 'Mirandese'),
(36, 'Somalo'),
(36, 'Coreano'),
(37, 'Lussemburghese'),
(37, 'Monegasco'),
(37, 'Nepalese'),
(37, 'Chuukese'),
(38, 'Maori'),
(38, 'Xhosa'),
(38, 'Slovacco'),
(39, 'Lussemburghese'),
(39, 'Maltese'),
(39, 'Maori'),
(40, 'Romancio'),
(40, 'Mirandese'),
(40, 'Romancio'),
(41, 'Moldavo'),
(41, 'Ebraico'),
(41, 'Shona'),
(42, 'Monegasco'),
(42, 'Giavanese'),
(42, 'Giavanese'),
(43, 'Urdu'),
(43, 'Yiddish'),
(44, 'Yapese'),
(44, 'Xhosa'),
(44, 'Gujarati'),
(44, 'Armeno'),
(45, 'Armeno'),
(45, 'Yue'),
(46, 'Chamorro'),
(46, 'Curdo'),
(47, 'Somalo'),
(47, 'Giavanese'),
(47, 'Maithili'),
(48, 'Thai'),
(48, 'Afrikaans'),
(48, 'Nauruana'),
(49, 'Filippino'),
(49, 'Hawaiano'),
(49, 'Papiamento'),
(50, 'Nepalese'),
(50, 'Lao'),
(51, 'Comoriano'),
(51, 'Russo'),
(51, 'Francese'),
(51, 'Oriya'),
(52, 'Tosco'),
(52, 'Filippino'),
(52, 'Tosco'),
(53, 'Maithili'),
(53, 'Armeno'),
(53, 'Maori'),
(54, 'Russo'),
(54, 'Olandese'),
(54, 'Mongolo'),
(55, 'Hindi'),
(55, 'Xhosa'),
(56, 'Curdo'),
(56, 'Tosco'),
(57, 'Guaraní'),
(57, 'Norvegese'),
(57, 'Croato'),
(57, 'Gujarati'),
(58, 'Telugu'),
(58, 'Estone'),
(58, 'Xhosa'),
(58, 'Tetum'),
(59, 'Occitano'),
(59, 'Greco'),
(59, 'Bulgaro'),
(59, 'Yiddish'),
(60, 'Urdu'),
(60, 'Singalese'),
(61, 'Coreano'),
(61, 'Tataro'),
(62, 'Macedone'),
(62, 'Tataro'),
(62, 'Irlandese'),
(62, 'Coreano'),
(63, 'Guaraní'),
(63, 'Bislamo'),
(63, 'Ungherese'),
(63, 'Tetum'),
(64, 'Malese'),
(64, 'Singalese'),
(64, 'Palauano'),
(64, 'Giapponese'),
(65, 'Creolo'),
(65, 'Malese'),
(65, 'Filippino'),
(65, 'Ruteno'),
(66, 'Ungherese'),
(66, 'Russo'),
(66, 'Rumeno'),
(67, 'Olandese'),
(67, 'Shona'),
(67, 'Chichewa'),
(67, 'Swahili'),
(68, 'Lussemburghese'),
(68, 'Moldavo'),
(69, 'Ebraico'),
(69, 'Mirandese'),
(69, 'Malese'),
(69, 'Yue'),
(70, 'Guaraní'),
(70, 'Bodo'),
(71, 'Malgascio'),
(71, 'Turco'),
(71, 'Greco'),
(72, 'Albanese'),
(72, 'Curdo'),
(72, 'Macedone'),
(73, 'Chuukese'),
(73, 'Ebraico'),
(73, 'Punjabi'),
(74, 'Comoriano'),
(74, 'Tetum'),
(74, 'Faroese'),
(75, 'Norvegese'),
(75, 'Figiano'),
(75, 'Gilbertese'),
(75, 'Guaraní'),
(76, 'Oriya'),
(76, 'Tamil'),
(76, 'Coreano'),
(76, 'Punjabi'),
(77, 'Telugu'),
(77, 'Islandese'),
(77, 'Bodo'),
(78, 'Bielorusso'),
(78, 'Mirandese'),
(78, 'Sindhi'),
(79, 'Polacco'),
(79, 'Italiano'),
(79, 'Bielorusso'),
(80, 'Islandese'),
(80, 'Oriya'),
(80, 'Manipuri'),
(80, 'Catalano'),
(81, 'Afrikaans'),
(81, 'Lituano'),
(81, 'Lettone'),
(82, 'Armeno'),
(82, 'Faroese'),
(82, 'Estone'),
(82, 'Indonesiano'),
(83, 'Tsonga'),
(83, 'Spagnolo'),
(83, 'Olandese'),
(83, 'Albanese'),
(84, 'Macedone'),
(84, 'Ruteno'),
(84, 'Finlandese'),
(85, 'Romaní'),
(85, 'Malese'),
(85, 'Norvegese'),
(86, 'Zulu'),
(86, 'Faroese'),
(87, 'Turkmeno'),
(87, 'Gilbertese'),
(87, 'Sindhi'),
(87, 'Italiano'),
(88, 'Indonesiano'),
(88, 'Lao'),
(88, 'Armeno'),
(89, 'Tamil'),
(89, 'Georgiano'),
(89, 'Moldavo'),
(90, 'Somalo'),
(90, 'Romancio'),
(90, 'Portoghese'),
(91, 'Lettone'),
(91, 'Latino'),
(91, 'Tosco'),
(91, 'Arabo'),
(92, 'Svedese'),
(92, 'Bosniaco'),
(92, 'Spagnolo'),
(92, 'Maltese'),
(93, 'Bodo'),
(93, 'Norvegese'),
(93, 'Tsonga'),
(94, 'Chichewa'),
(94, 'Bosniaco'),
(94, 'Moldavo'),
(94, 'Swahili'),
(95, 'Tedesco'),
(95, 'Russo'),
(96, 'Coreano'),
(96, 'Norvegese'),
(96, 'Ceco'),
(96, 'Monegasco'),
(97, 'Hindi'),
(97, 'Latino'),
(97, 'Punjabi'),
(97, 'Russo'),
(98, 'Yorube'),
(98, 'Moldavo'),
(98, 'Malgascio'),
(99, 'Bosniaco'),
(99, 'Ucraino'),
(99, 'Persiano'),
(100, 'Telugu'),
(100, 'Catalano'),
(101, 'Indonesiano'),
(101, 'Spagnolo'),
(102, 'Olandese'),
(102, 'Sindhi'),
(102, 'Afrikaans'),
(102, 'Maltese'),
(103, 'Papiamento'),
(103, 'Ruteno'),
(103, 'Caroliniano'),
(103, 'Swahili'),
(104, 'Persiano'),
(104, 'Russo'),
(105, 'Tosco'),
(105, 'Ebraico'),
(105, 'Hawaiano'),
(106, 'Inglese'),
(106, 'Tswana'),
(106, 'Malayalam'),
(106, 'Tataro'),
(107, 'Tataro'),
(107, 'Lettone'),
(107, 'Hindi'),
(108, 'Maithili'),
(108, 'Georgiano'),
(108, 'Portoghese'),
(109, 'Maithili'),
(109, 'Yapese'),
(109, 'Albanese'),
(109, 'Bulgaro'),
(110, 'Chamorro'),
(110, 'Coreano'),
(110, 'Hindi'),
(110, 'Tosco'),
(111, 'Guaraní'),
(111, 'Figiano'),
(111, 'Afrikaans'),
(112, 'Indonesiano'),
(112, 'Xhosa'),
(112, 'Kashmiri'),
(112, 'Gilbertese'),
(113, 'Filippino'),
(113, 'Lituano'),
(114, 'Tetum'),
(114, 'Sindhi'),
(114, 'Oriya'),
(115, 'Uzbeko'),
(115, 'Giapponese'),
(115, 'Macedone'),
(116, 'Uzbeko'),
(116, 'Romancio'),
(117, 'Rumeno'),
(117, 'Croato'),
(117, 'Chamorro'),
(117, 'Russo'),
(118, 'Norvegese'),
(118, 'Portoghese'),
(118, 'Finlandese'),
(118, 'Bislamo'),
(119, 'Latino'),
(119, 'Mongolo'),
(119, 'Figiano'),
(120, 'Yiddish'),
(120, 'Ungherese'),
(120, 'Yue'),
(120, 'Figiano'),
(121, 'Bielorusso'),
(121, 'Punjabi'),
(121, 'Giapponese'),
(121, 'Tataro'),
(122, 'Tswana'),
(122, 'Shona'),
(123, 'Portoghese'),
(123, 'Malese'),
(124, 'Croato'),
(124, 'Pashto'),
(124, 'Punjabi'),
(125, 'Danese'),
(125, 'Tosco'),
(125, 'Maithili'),
(126, 'Yiddish'),
(126, 'Svedese'),
(126, 'Georgiano'),
(126, 'Maithili'),
(127, 'Giavanese'),
(127, 'Afrikaans'),
(128, 'Estone'),
(128, 'Croato'),
(128, 'Olandese'),
(129, 'Ceco'),
(129, 'Uzbeko'),
(129, 'Hindi'),
(130, 'Chuukese'),
(130, 'Curdo'),
(130, 'Swahili'),
(131, 'Portoghese'),
(131, 'Lituano'),
(132, 'Marshallese'),
(132, 'Tosco'),
(132, 'Hindi'),
(133, 'Marshallese'),
(133, 'Malayalam'),
(134, 'Nauruana'),
(134, 'Giavanese'),
(135, 'Greco'),
(135, 'Ungherese'),
(135, 'Curdo'),
(135, 'Faroese'),
(136, 'Groenlandese'),
(136, 'Filippino'),
(136, 'Filippino'),
(136, 'Georgiano'),
(137, 'Bosniaco'),
(137, 'Macedone'),
(137, 'Tedesco'),
(138, 'Oriya'),
(138, 'Ebraico'),
(139, 'Maori'),
(139, 'Tedesco'),
(139, 'Italiano'),
(139, 'Ladino'),
(140, 'Romancio'),
(140, 'Yiddish'),
(140, 'Swahili'),
(141, 'Bodo'),
(141, 'Punjabi'),
(142, 'Arabo'),
(142, 'Maori'),
(142, 'Gilbertese'),
(143, 'Creolo'),
(143, 'Telugu'),
(143, 'Nepalese'),
(143, 'Russo'),
(144, 'Gujarati'),
(144, 'Lituano'),
(145, 'Yapese'),
(145, 'Tetum'),
(145, 'Hawaiano'),
(146, 'Manipuri'),
(146, 'Bosniaco'),
(147, 'Macedone'),
(147, 'Danese'),
(147, 'Groenlandese'),
(147, 'Yorube'),
(148, 'Portoghese'),
(148, 'Venda'),
(149, 'Russo'),
(149, 'Faroese'),
(149, 'Shona'),
(150, 'Tamil'),
(150, 'Somalo'),
(151, 'Maltese'),
(151, 'Xhosa'),
(151, 'Catalano'),
(152, 'Tataro'),
(152, 'Lituano'),
(152, 'Tedesco'),
(152, 'Georgiano'),
(153, 'Afrikaans'),
(153, 'Romaní'),
(153, 'Irlandese'),
(154, 'Bodo'),
(154, 'Yorube'),
(154, 'Caroliniano'),
(155, 'Manipuri'),
(155, 'Lussemburghese'),
(155, 'Romancio'),
(156, 'Telugu'),
(156, 'Occitano'),
(157, 'Yiddish'),
(157, 'Xhosa'),
(157, 'Tedesco'),
(158, 'Hawaiano'),
(158, 'Punjabi'),
(159, 'Kashmiri'),
(159, 'Pashto'),
(160, 'Comoriano'),
(160, 'Papiamento'),
(160, 'Figiano'),
(161, 'Gujarati'),
(161, 'Hawaiano'),
(161, 'Kosraese'),
(162, 'Creolo'),
(162, 'Tamil'),
(163, 'Armeno'),
(163, 'Yue'),
(163, 'Yiddish'),
(163, 'Irlandese'),
(164, 'Palauano'),
(164, 'Occitano'),
(164, 'Manipuri'),
(164, 'Lao'),
(165, 'Slovacco'),
(165, 'Macedone'),
(166, 'Svedese'),
(166, 'Turkmeno'),
(167, 'Irlandese'),
(167, 'Lao'),
(168, 'Urdu'),
(168, 'Romaní'),
(168, 'Estone'),
(169, 'Macedone'),
(169, 'Shona'),
(169, 'Croato'),
(170, 'Persiano'),
(170, 'Slovacco'),
(170, 'Lituano'),
(170, 'Singalese'),
(171, 'Pohnpeiano'),
(171, 'Francese'),
(171, 'Creolo'),
(172, 'Hindi'),
(172, 'Chichewa'),
(172, 'Manipuri'),
(172, 'Maori'),
(173, 'Creolo'),
(173, 'Malgascio'),
(173, 'Malese'),
(173, 'Kosraese'),
(174, 'Kosraese'),
(174, 'Arabo'),
(174, 'Ebraico'),
(175, 'Pohnpeiano'),
(175, 'Inglese'),
(175, 'Latino'),
(175, 'Marathi'),
(176, 'Hawaiano'),
(176, 'Bodo'),
(176, 'Moldavo'),
(177, 'Turco'),
(177, 'Islandese'),
(177, 'Singalese'),
(177, 'Macedone'),
(178, 'Lao'),
(178, 'Nepalese'),
(178, 'Slovacco'),
(179, 'Chuukese'),
(179, 'Albanese'),
(179, 'Danese'),
(179, 'Moldavo'),
(180, 'Caroliniano'),
(180, 'Turkmeno'),
(181, 'Chichewa'),
(181, 'Thai'),
(182, 'Georgiano'),
(182, 'Somalo'),
(182, 'Bulgaro'),
(183, 'Groenlandese'),
(183, 'Mongolo'),
(184, 'Tsonga'),
(184, 'Monegasco'),
(184, 'Tedesco'),
(184, 'Telugu'),
(185, 'Mongolo'),
(185, 'Bulgaro'),
(186, 'Yiddish'),
(186, 'Moldavo'),
(186, 'Lituano'),
(187, 'Shona'),
(187, 'Bislamo'),
(188, 'Norvegese'),
(188, 'Portoghese'),
(189, 'Indonesiano'),
(189, 'Afrikaans'),
(189, 'Tedesco'),
(190, 'Olandese'),
(190, 'Macedone'),
(190, 'Ebraico'),
(190, 'Pohnpeiano'),
(191, 'Nauruana'),
(191, 'Occitano'),
(191, 'Danese'),
(191, 'Greco'),
(192, 'Kashmiri'),
(192, 'Estone'),
(193, 'Macedone'),
(193, 'Tsonga'),
(194, 'Giapponese'),
(194, 'Slovacco'),
(195, 'Groenlandese'),
(195, 'Ladino'),
(195, 'Marathi'),
(196, 'Bislamo'),
(196, 'Ceco'),
(196, 'Bosniaco'),
(197, 'Croato'),
(197, 'Gujarati'),
(197, 'Bosniaco'),
(197, 'Faroese'),
(198, 'Svedese'),
(198, 'Greco'),
(199, 'Lettone'),
(199, 'Moldavo'),
(199, 'Islandese'),
(200, 'Norvegese'),
(200, 'Gujarati'),
(201, 'Yorube'),
(201, 'Shona');