INSERT INTO `Film` (`ID`, `Titolo`, `Descrizione`, `Anno`, `CasaProduzione`, `NomeRegista`, `CognomeRegista`) VALUES
(1, 'Il ritorno del re 4', 'Una storia folgorante ed entusiasmante incentrata sul travagliato ed arduo ritorno di un sovrano al potere', 1994, 'Colonna', 'Giada', 'Esposito'),
(2, 'Il ruggito del leone 1', 'Quando un umile lavoratore di ufficio si ritrova coinvolto in uno scandalo internazionale si trova costretto a diventare un agente segreto', 2003, 'Colonna', 'Pasquale', 'Della Valle'),
(3, 'Un drago per amico 5', 'Quando Arlon ritrova un misterioso uovo dentro il suo armadio la sua vita viene stravolta', 2002, 'Maga Animation Studio', 'Alessandro', 'Della Valle'),
(4, 'Il mio nome è vendetta 4', 'John ha solamente 8 anni quando sua madre viene brutalmente assalita ed uccisa da un noto serial killer', 2010, 'Cristaldifilm', 'Letizia', 'Fiore'),
(5, 'Il ladro inaspettato 6', 'Un uomo che ruba non per necessita ma per puro piacere', 1991, 'Minerva Film', 'Jasmine', 'Gallo'),
(6, 'Storia di un Pugile 3', 'Creed si impone come astro nascente del pugilato', 2001, 'Morgana film', 'Letizia', 'De Simone'),
(7, 'Il successo di Arm Strong 1', 'Storia di un uomo che ha trasformato il suo sogno nella sua vita', 2017, 'Maga Animation Studio', 'Vincenzino', 'Gallo'),
(8, 'Il risvolto della medaglia 6', 'Da una domanda poco chiara possono spesso sorgere dubbi incertezze e preoccupazioni', 1984, 'Lucky Red', 'Alessio', 'Fiore'),
(9, 'Dentro al Water 3', 'Riccardo si sarebbe aspettato veramente di tutto ma una cosa del genere mai', 2000, 'Latium Film ', 'Michele', 'Della Valle'),
(10, 'Non per primo 1', 'Amato thriller che riesce a intrattenere e far rabbrividire anche i piu impavidi', 2014, 'Mood Film', 'Pasquale', 'Fabbricatore'),
(11, 'V per Vittoria 2', 'Storia di un generale della seconda guerra mondiale', 2023, 'Mad Entertainment', 'Alessio', 'Fabbricatore'),
(12, 'Il risveglio di Nicola 3', 'Un ragazzino delle elementari correndo nel giardino di casa inciampa sbattendo contro un sasso e perdendo la memoria', 1982, 'Moviemax', 'Giulia', 'Scognamiglio'),
(13, 'Una pistola per due 3', 'Descrizione non disponibile', 2021, 'Maga Animation Studio', 'Lorenza', 'Rossi'),
(14, 'Si salvi chi può 2', 'Impossibile salvarsi dal temuto mostro marino risvegliato a seguito di misteriosi esperimenti sovietici', 2006, 'Mad Entertainment', 'Giacomo', 'Della Valle'),
(15, 'Un rientro improbabile 4', 'Quando Muan torna a casa incontra un suo vecchio amico di infanzia', 2002, 'Fandango', 'Lorenzo', 'Fabbricatore'),
(16, 'L\'ascesa della regina 6', 'Da un umile paesana a regina di un impero gigantesco', 1972, 'Milano Films', 'Fernando', 'Fiore'),
(17, 'T-rex 4', 'A seguito degli esperimenti di uno scienziato pazzo un dinosauro viene riportato in vita', 2001, 'Milano Films', 'Diego', 'Fabbricatore'),
(18, 'La storia di un campione 1', 'Storia del campione di calcio Diego Maradona', 2010, 'Mood Film', 'Diego', 'Gallo'),
(19, 'Il tutto per tutto 4', 'Un agente segreto si ritrova bloccato in una base militare sovietica durante la guerra fredda', 2022, 'Colonna', 'Lorenza', 'Bianchi'),
(20, 'Se continui mi fermo 2', 'Antonio perde completamente il senno per la bella e affascinante Sofia', 1980, 'Mari Film', 'Gabriele', 'Della Valle'),
(21, 'Sherlock 2', 'Storia di un famosissimo detective inglese', 1963, 'Morgana film', 'Diego', 'Fabbricatore'),
(22, 'Il Disperato Faedo 4', 'Tutti cercano di scappare dalla terra arida e desolata del Faedo', 2004, 'Morgana film', 'Vincenzo', 'Della Valle'),
(23, 'Il Relais inospitale 4', 'A causa di forze superiore un gruppo di studenti universitari si ritrova in un ex hotel sperduto', 2001, 'Fandango', 'Jasmine', 'Fiore'),
(24, 'Attenti a Fossabanda 3', 'Si vocifera l imminente arrivo del famigerato Fossabanda', 2001, 'Milano Films', 'Giacomo', 'Esposito'),
(25, 'La corsa per scuola 6', 'Tutti vorrebbero arrivarci ma purtroppo i posti sono limitati', 2002, 'Mari Film', 'Simone', 'Scognamiglio'),
(26, 'Tutti alle Imma 3', 'Tutti provano ad andarci ma non tutti riescono nell impresa', 2012, 'Milano Films', 'Letizia', 'Gallo'),
(27, 'Spaccaossa 5', 'Un serial killer riesce a scappare da un carcere di massima sicurezza', 2020, 'Leone Film', 'Imma', 'Bianchi'),
(28, 'La sposa nel vento 6', 'Quando Anna viene lasciata all altare la sua vita cade a pezzi', 2022, 'Cemofilm', 'Gabriele', 'De Simone'),
(29, 'Stessi Battiti 2', 'Descrizione non disponibile', 2004, 'Moviemax', 'Riccardo', 'Scognamiglio'),
(30, 'Vicini di Casa 4', 'Nobita scopre che il suo vicino di casa risulta essere un extraterrestre', 1999, 'Lucky Red', 'Letizia', 'Fiore'),
(31, 'Il ritorno del re 3', 'Una storia folgorante ed entusiasmante incentrata sul travagliato ed arduo ritorno di un sovrano al potere', 1993, 'Mari Film', 'Imma', 'Rossi'),
(32, 'Il ruggito del leone 2', 'Quando un umile lavoratore di ufficio si ritrova coinvolto in uno scandalo internazionale si trova costretto a diventare un agente segreto', 2003, 'Fandango', 'Pasquale', 'Fiore'),
(33, 'Un drago per amico 3', 'Quando Arlon ritrova un misterioso uovo dentro il suo armadio la sua vita viene stravolta', 2003, 'Cinecittà', 'Marcello', 'De Simone'),
(34, 'Il mio nome è vendetta 1', 'John ha solamente 8 anni quando sua madre viene brutalmente assalita ed uccisa da un noto serial killer', 2011, 'Milano Films', 'Gianmarco', 'Scognamiglio'),
(35, 'Il ladro inaspettato 3', 'Un uomo che ruba non per necessita ma per puro piacere', 1991, 'Cemofilm', 'Lorenza', 'Della Valle'),
(36, 'Storia di un Pugile 2', 'Creed si impone come astro nascente del pugilato', 2000, 'Minerva Film', 'Pasquale', 'Bianchi'),
(37, 'Il successo di Arm Strong 5', 'Storia di un uomo che ha trasformato il suo sogno nella sua vita', 2013, 'Colonna', 'Guido', 'Gallo'),
(38, 'Il risvolto della medaglia 3', 'Da una domanda poco chiara possono spesso sorgere dubbi incertezze e preoccupazioni', 1984, 'Milano Films', 'Costanza', 'Esposito'),
(39, 'Dentro al Water 3', 'Riccardo si sarebbe aspettato veramente di tutto ma una cosa del genere mai', 2003, 'Mari Film', 'Letizia', 'Della Valle'),
(40, 'Non per primo 4', 'Amato thriller che riesce a intrattenere e far rabbrividire anche i piu impavidi', 2013, 'Maga Animation Studio', 'Guido', 'Zannelli'),
(41, 'V per Vittoria 3', 'Storia di un generale della seconda guerra mondiale', 2024, 'Mad Entertainment', 'Gabriele', 'Zannelli'),
(42, 'Il risveglio di Nicola 1', 'Un ragazzino delle elementari correndo nel giardino di casa inciampa sbattendo contro un sasso e perdendo la memoria', 1981, 'Warner', 'Costanza', 'Fabbricatore'),
(43, 'Una pistola per due 1', 'Descrizione non disponibile', 2022, 'Mood Film', 'Lorenzo', 'Fabbricatore'),
(44, 'Si salvi chi può 6', 'Impossibile salvarsi dal temuto mostro marino risvegliato a seguito di misteriosi esperimenti sovietici', 2006, 'Cinecittà', 'Letizia', 'Rossi'),
(45, 'Un rientro improbabile 2', 'Quando Muan torna a casa incontra un suo vecchio amico di infanzia', 2002, 'Morgana film', 'Fernando', 'De Simone'),
(46, 'L\'ascesa della regina 4', 'Da un umile paesana a regina di un impero gigantesco', 1970, 'Warner', 'Carmen', 'Fabbricatore'),
(47, 'T-rex 2', 'A seguito degli esperimenti di uno scienziato pazzo un dinosauro viene riportato in vita', 2001, 'Leone Film', 'Letizia', 'Fabbricatore'),
(48, 'La storia di un campione 1', 'Storia del campione di calcio Diego Maradona', 2008, 'Mikado Film', 'Christian', 'Fabbricatore'),
(49, 'Il tutto per tutto 5', 'Un agente segreto si ritrova bloccato in una base militare sovietica durante la guerra fredda', 2024, 'Lucky Red', 'Lorenza', 'De Simone'),
(50, 'Se continui mi fermo 2', 'Antonio perde completamente il senno per la bella e affascinante Sofia', 1981, 'Medusa Film', 'Carmen', 'Zannelli'),
(51, 'Sherlock 4', 'Storia di un famosissimo detective inglese', 1961, 'Latium Film ', 'Giulia', 'De Simone'),
(52, 'Il Disperato Faedo 3', 'Tutti cercano di scappare dalla terra arida e desolata del Faedo', 2000, 'Cristaldifilm', 'Pasquale', 'Scognamiglio'),
(53, 'Il Relais inospitale 2', 'A causa di forze superiore un gruppo di studenti universitari si ritrova in un ex hotel sperduto', 1999, 'Cemofilm', 'Gabriele', 'Fiore'),
(54, 'Attenti a Fossabanda 5', 'Si vocifera l imminente arrivo del famigerato Fossabanda', 2004, 'Mad Entertainment', 'Alessio', 'Esposito'),
(55, 'La corsa per scuola 3', 'Tutti vorrebbero arrivarci ma purtroppo i posti sono limitati', 2001, 'Morgana film', 'Simone', 'Zannelli'),
(56, 'Tutti alle Imma 6', 'Tutti provano ad andarci ma non tutti riescono nell impresa', 2010, 'Medusa Film', 'Riccardo', 'Gallo'),
(57, 'Spaccaossa 1', 'Un serial killer riesce a scappare da un carcere di massima sicurezza', 2021, 'Milano Films', 'Guido', 'Gallo'),
(58, 'La sposa nel vento 6', 'Quando Anna viene lasciata all altare la sua vita cade a pezzi', 2024, 'Mood Film', 'Boris', 'Gallo'),
(59, 'Stessi Battiti 5', 'Descrizione non disponibile', 2004, 'Lucky Red', 'Gabriele', 'Fiore'),
(60, 'Vicini di Casa 3', 'Nobita scopre che il suo vicino di casa risulta essere un extraterrestre', 2001, 'Minerva Film', 'Riccardo', 'Fiore'),
(61, 'Il ritorno del re 1', 'Una storia folgorante ed entusiasmante incentrata sul travagliato ed arduo ritorno di un sovrano al potere', 1993, 'Maga Animation Studio', 'Michele', 'Della Valle'),
(62, 'Il ruggito del leone 3', 'Quando un umile lavoratore di ufficio si ritrova coinvolto in uno scandalo internazionale si trova costretto a diventare un agente segreto', 2003, 'Minerva Film', 'Sara', 'Gallo'),
(63, 'Un drago per amico 3', 'Quando Arlon ritrova un misterioso uovo dentro il suo armadio la sua vita viene stravolta', 2000, 'Cemofilm', 'Federico', 'De Simone'),
(64, 'Il mio nome è vendetta 1', 'John ha solamente 8 anni quando sua madre viene brutalmente assalita ed uccisa da un noto serial killer', 2013, 'Milano Films', 'Vincenzino', 'Rossi'),
(65, 'Il ladro inaspettato 2', 'Un uomo che ruba non per necessita ma per puro piacere', 1990, 'Colonna', 'Carmen', 'Esposito'),
(66, 'Storia di un Pugile 2', 'Creed si impone come astro nascente del pugilato', 2004, 'Fandango', 'Lorenza', 'Scognamiglio'),
(67, 'Il successo di Arm Strong 5', 'Storia di un uomo che ha trasformato il suo sogno nella sua vita', 2017, 'Leone Film', 'Guido', 'Fiore'),
(68, 'Il risvolto della medaglia 3', 'Da una domanda poco chiara possono spesso sorgere dubbi incertezze e preoccupazioni', 1981, 'Morgana film', 'Jacopo', 'Rossi'),
(69, 'Dentro al Water 4', 'Riccardo si sarebbe aspettato veramente di tutto ma una cosa del genere mai', 2000, 'Cristaldifilm', 'Marcello', 'Della Valle'),
(70, 'Non per primo 2', 'Amato thriller che riesce a intrattenere e far rabbrividire anche i piu impavidi', 2012, 'Cartoon One', 'Costanza', 'Scognamiglio'),
(71, 'V per Vittoria 6', 'Storia di un generale della seconda guerra mondiale', 2021, 'Latium Film ', 'Sara', 'Bianchi'),
(72, 'Il risveglio di Nicola 3', 'Un ragazzino delle elementari correndo nel giardino di casa inciampa sbattendo contro un sasso e perdendo la memoria', 1982, 'Fandango', 'Gabriele', 'Bianchi'),
(73, 'Una pistola per due 2', 'Descrizione non disponibile', 2023, 'Colonna', 'Giacomo', 'Fabbricatore'),
(74, 'Si salvi chi può 3', 'Impossibile salvarsi dal temuto mostro marino risvegliato a seguito di misteriosi esperimenti sovietici', 2003, 'Cinecittà', 'John', 'Esposito'),
(75, 'Un rientro improbabile 2', 'Quando Muan torna a casa incontra un suo vecchio amico di infanzia', 2001, 'Mad Entertainment', 'Vincenzino', 'Esposito'),
(76, 'L\'ascesa della regina 6', 'Da un umile paesana a regina di un impero gigantesco', 1970, 'Medusa Film', 'Jim', 'Zannelli'),
(77, 'T-rex 6', 'A seguito degli esperimenti di uno scienziato pazzo un dinosauro viene riportato in vita', 2002, 'Medusa Film', 'Pasquale', 'Rossi'),
(78, 'La storia di un campione 1', 'Storia del campione di calcio Diego Maradona', 2008, 'Cartoon One', 'Carmen', 'Fiore'),
(79, 'Il tutto per tutto 3', 'Un agente segreto si ritrova bloccato in una base militare sovietica durante la guerra fredda', 2023, 'Minerva Film', 'Giacomo', 'Rossi'),
(80, 'Se continui mi fermo 6', 'Antonio perde completamente il senno per la bella e affascinante Sofia', 1980, 'Cristaldifilm', 'Gabriele', 'Fabbricatore'),
(81, 'Sherlock 6', 'Storia di un famosissimo detective inglese', 1962, 'Leone Film', 'Lorenza', 'Scognamiglio'),
(82, 'Il Disperato Faedo 5', 'Tutti cercano di scappare dalla terra arida e desolata del Faedo', 2003, 'Mood Film', 'Simone', 'Zannelli'),
(83, 'Il Relais inospitale 4', 'A causa di forze superiore un gruppo di studenti universitari si ritrova in un ex hotel sperduto', 2002, 'Cristaldifilm', 'Vincenzo', 'Scognamiglio'),
(84, 'Attenti a Fossabanda 1', 'Si vocifera l imminente arrivo del famigerato Fossabanda', 2002, 'Milano Films', 'Jasmine', 'Bianchi'),
(85, 'La corsa per scuola 4', 'Tutti vorrebbero arrivarci ma purtroppo i posti sono limitati', 2004, 'Warner', 'Alessio', 'Fabbricatore'),
(86, 'Tutti alle Imma 6', 'Tutti provano ad andarci ma non tutti riescono nell impresa', 2010, 'Leone Film', 'Pasquale', 'Zannelli'),
(87, 'Spaccaossa 4', 'Un serial killer riesce a scappare da un carcere di massima sicurezza', 2020, 'Leone Film', 'Costanza', 'Fabbricatore'),
(88, 'La sposa nel vento 6', 'Quando Anna viene lasciata all altare la sua vita cade a pezzi', 2025, 'Cemofilm', 'Jasmine', 'Rossi'),
(89, 'Stessi Battiti 2', 'Descrizione non disponibile', 2000, 'Mari Film', 'Guido', 'Esposito'),
(90, 'Vicini di Casa 3', 'Nobita scopre che il suo vicino di casa risulta essere un extraterrestre', 2001, 'Mari Film', 'Diego', 'De Simone'),
(91, 'Il ritorno del re 6', 'Una storia folgorante ed entusiasmante incentrata sul travagliato ed arduo ritorno di un sovrano al potere', 1993, 'Morgana film', 'Antonino', 'Bianchi'),
(92, 'Il ruggito del leone 1', 'Quando un umile lavoratore di ufficio si ritrova coinvolto in uno scandalo internazionale si trova costretto a diventare un agente segreto', 2002, 'Colonna', 'Giulio', 'Rossi'),
(93, 'Un drago per amico 4', 'Quando Arlon ritrova un misterioso uovo dentro il suo armadio la sua vita viene stravolta', 2002, 'Minerva Film', 'Giulio', 'Della Valle'),
(94, 'Il mio nome è vendetta 1', 'John ha solamente 8 anni quando sua madre viene brutalmente assalita ed uccisa da un noto serial killer', 2014, 'Latium Film ', 'Antonino', 'Rossi'),
(95, 'Il ladro inaspettato 3', 'Un uomo che ruba non per necessita ma per puro piacere', 1993, 'Mari Film', 'Federico', 'Zannelli'),
(96, 'Storia di un Pugile 1', 'Creed si impone come astro nascente del pugilato', 2004, 'Fandango', 'Gabriele', 'Della Valle'),
(97, 'Il successo di Arm Strong 1', 'Storia di un uomo che ha trasformato il suo sogno nella sua vita', 2013, 'Warner', 'Lorenza', 'Della Valle'),
(98, 'Il risvolto della medaglia 1', 'Da una domanda poco chiara possono spesso sorgere dubbi incertezze e preoccupazioni', 1983, 'Mood Film', 'Boris', 'Fabbricatore'),
(99, 'Dentro al Water 5', 'Riccardo si sarebbe aspettato veramente di tutto ma una cosa del genere mai', 2001, 'Minerva Film', 'Carmen', 'De Simone');
INSERT INTO `Recitazione` (`Film`, `NomeAttore`, `CognomeAttore`) VALUES
(1, 'Loris', 'Fabbricatore'), (1, 'Imma', 'Esposito'),
(2, 'Boris', 'Gallo'), (2, 'Federico', 'Bianchi'),
(3, 'Yarov', 'Esposito'), (3, 'Carmen', 'Fabbricatore'),
(4, 'Imma', 'Fabbricatore'), (4, 'Antonio', 'Bianchi'),
(5, 'Boris', 'Rossi'), (5, 'Guido', 'Scognamiglio'),
(6, 'Antonio', 'Fiore'), (6, 'Imma', 'Della Valle'),
(7, 'Giada', 'Della Valle'), (7, 'Lorenzo', 'Fiore'),
(8, 'John', 'Della Valle'), (8, 'Diego', 'Gallo'),
(9, 'Lorenza', 'Esposito'), (9, 'Jasmine', 'Scognamiglio'),
(10, 'Luca', 'Rossi'), (10, 'Imma', 'Gallo'),
(11, 'Giacomo', 'Esposito'), (11, 'Diego', 'De Simone'),
(12, 'Loris', 'De Simone'), (12, 'Giuseppe', 'Esposito'),
(13, 'Alessandro', 'Bianchi'), (13, 'Pasquale', 'Bianchi'),
(14, 'Tom', 'Esposito'), (14, 'Giada', 'Bianchi'),
(15, 'Letizia', 'Rossi'), (15, 'Antonino', 'Fiore'),
(16, 'Imma', 'Fiore'), (16, 'Christian', 'Rossi'),
(17, 'Simone', 'Scognamiglio'), (17, 'Gianmarco', 'Scognamiglio'),
(18, 'Boris', 'Fabbricatore'), (18, 'Federico', 'Zannelli'),
(19, 'Letizia', 'Fiore'), (19, 'Tom', 'Gallo'),
(20, 'Loris', 'De Simone'), (20, 'Vincenzino', 'Rossi'),
(21, 'Imma', 'Zannelli'), (21, 'Costanza', 'Fiore'),
(22, 'Simone', 'Bianchi'), (22, 'Federico', 'Fiore'),
(23, 'Diego', 'De Simone'), (23, 'Alessio', 'Esposito'),
(24, 'Giacomo', 'Rossi'), (24, 'Loris', 'Gallo'),
(25, 'Diego', 'Esposito'), (25, 'Simone', 'Bianchi'),
(26, 'Luca', 'Bianchi'), (26, 'Jacopo', 'Esposito'),
(27, 'Alessandro', 'Scognamiglio'), (27, 'Lorenza', 'Gallo'),
(28, 'Vincenzo', 'Scognamiglio'), (28, 'John', 'Fabbricatore'),
(29, 'Giulia', 'Zannelli'), (29, 'Giada', 'Zannelli'),
(30, 'Antonio', 'Rossi'), (30, 'Vincenzino', 'Zannelli'),
(31, 'Giuseppe', 'Rossi'), (31, 'Antonino', 'Gallo'),
(32, 'Giada', 'Zannelli'), (32, 'Alessio', 'Della Valle'),
(33, 'Marcello', 'Gallo'), (33, 'Boris', 'Esposito'),
(34, 'Giulia', 'Fabbricatore'), (34, 'Jasmine', 'Scognamiglio'),
(35, 'Pasquale', 'Zannelli'), (35, 'John', 'Rossi'),
(36, 'Gianmarco', 'Della Valle'), (36, 'Riccardo', 'Della Valle'),
(37, 'Yarov', 'Fiore'), (37, 'Giulio', 'Scognamiglio'),
(38, 'Yarov', 'Rossi'), (38, 'Federico', 'Gallo'),
(39, 'Costanza', 'Zannelli'), (39, 'Diego', 'Bianchi'),
(40, 'Alessandro', 'Bianchi'), (40, 'Lorenza', 'Scognamiglio'),
(41, 'Jasmine', 'Rossi'), (41, 'Giada', 'Fabbricatore'),
(42, 'Luca', 'De Simone'), (42, 'Gianmarco', 'Fabbricatore'),
(43, 'Jacopo', 'Della Valle'), (43, 'Christian', 'Fiore'),
(44, 'Jim', 'Esposito'), (44, 'Simone', 'Fiore'),
(45, 'Lorenza', 'Della Valle'), (45, 'Yarov', 'Bianchi'),
(46, 'Michele', 'Fabbricatore'), (46, 'Alessandro', 'Della Valle'),
(47, 'Giuseppe', 'Scognamiglio'), (47, 'Imma', 'De Simone'),
(48, 'Gabriele', 'De Simone'), (48, 'Yarov', 'Fabbricatore'),
(49, 'Federico', 'Scognamiglio'), (49, 'Vincenzino', 'Esposito'),
(50, 'Fernando', 'De Simone'), (50, 'Antonio', 'Bianchi'),
(51, 'Costanza', 'Fiore'), (51, 'Simone', 'Bianchi'),
(52, 'Letizia', 'Zannelli'), (52, 'Giulio', 'Rossi'),
(53, 'Lorenza', 'Zannelli'), (53, 'Gabriele', 'Della Valle'),
(54, 'Lorenza', 'Fiore'), (54, 'Guido', 'Fiore'),
(55, 'Alessio', 'Zannelli'), (55, 'Boris', 'Scognamiglio'),
(56, 'Gianmarco', 'Zannelli'), (56, 'Giulio', 'Fiore'),
(57, 'Alessandro', 'De Simone'), (57, 'Vincenzino', 'Zannelli'),
(58, 'Boris', 'Della Valle'), (58, 'Gabriele', 'Fiore'),
(59, 'Alessio', 'Esposito'), (59, 'Riccardo', 'Esposito'),
(60, 'Giada', 'Bianchi'), (60, 'Pasquale', 'Gallo'),
(61, 'Jacopo', 'Fabbricatore'), (61, 'Riccardo', 'Zannelli'),
(62, 'Gianmarco', 'De Simone'), (62, 'Carmen', 'Gallo'),
(63, 'Vincenzo', 'Gallo'), (63, 'Simone', 'Rossi'),
(64, 'Carmen', 'Rossi'), (64, 'Giulia', 'Scognamiglio'),
(65, 'Giada', 'Gallo'), (65, 'Giacomo', 'Gallo'),
(66, 'Lorenza', 'Fabbricatore'), (66, 'John', 'Bianchi'),
(67, 'Giacomo', 'De Simone'), (67, 'Jim', 'De Simone'),
(68, 'Gianmarco', 'Gallo'), (68, 'Michele', 'Esposito'),
(69, 'Jacopo', 'Esposito'), (69, 'Giulio', 'Fabbricatore'),
(70, 'Simone', 'Esposito'), (70, 'Jasmine', 'Esposito'),
(71, 'Giacomo', 'De Simone'), (71, 'Giulia', 'De Simone'),
(72, 'John', 'Gallo'), (72, 'Costanza', 'Fiore'),
(73, 'Vincenzino', 'De Simone'), (73, 'Fernando', 'Fiore'),
(74, 'Diego', 'Gallo'), (74, 'Letizia', 'Fabbricatore'),
(75, 'Guido', 'Zannelli'), (75, 'Vincenzino', 'Rossi'),
(76, 'Luca', 'Scognamiglio'), (76, 'Giulio', 'Bianchi'),
(77, 'Sara', 'Della Valle'), (77, 'Giuseppe', 'Della Valle'),
(78, 'Gianmarco', 'Fiore'), (78, 'Guido', 'Della Valle'),
(79, 'Carmen', 'Fabbricatore'), (79, 'Gianmarco', 'Scognamiglio'),
(80, 'Guido', 'Scognamiglio'), (80, 'John', 'Della Valle'),
(81, 'Costanza', 'Zannelli'), (81, 'Jim', 'Gallo'),
(82, 'Giada', 'Zannelli'), (82, 'Riccardo', 'Rossi'),
(83, 'Giuseppe', 'Gallo'), (83, 'Jim', 'De Simone'),
(84, 'Antonio', 'Della Valle'), (84, 'Fernando', 'Bianchi'),
(85, 'Carmen', 'Fiore'), (85, 'Vincenzino', 'De Simone'),
(86, 'Alessio', 'Fiore'), (86, 'Giacomo', 'Bianchi'),
(87, 'Giuseppe', 'Scognamiglio'), (87, 'Alessandro', 'De Simone'),
(88, 'Giulia', 'Scognamiglio'), (88, 'Riccardo', 'Fiore'),
(89, 'Jacopo', 'Fabbricatore'), (89, 'Loris', 'Rossi'),
(90, 'Simone', 'Gallo'), (90, 'Giada', 'Gallo'),
(91, 'Loris', 'De Simone'), (91, 'Tom', 'De Simone'),
(92, 'Simone', 'Rossi'), (92, 'Guido', 'Zannelli'),
(93, 'Letizia', 'Zannelli'), (93, 'Sara', 'Rossi'),
(94, 'Carmen', 'Fabbricatore'), (94, 'Christian', 'Fiore'),
(95, 'Letizia', 'Gallo'), (95, 'Gabriele', 'Fabbricatore'),
(96, 'Vincenzino', 'Esposito'), (96, 'Jacopo', 'Scognamiglio'),
(97, 'Gabriele', 'Esposito'), (97, 'Antonino', 'Fabbricatore'),
(98, 'Jasmine', 'Zannelli'), (98, 'Luca', 'Rossi'),
(99, 'Giacomo', 'Bianchi'), (99, 'Alessio', 'Esposito');
INSERT INTO `VincitaPremio` (`Macrotipo`, `MicroTipo`, `Data`, `Film`, `NomeArtista`, `CognomeArtista`) VALUES
('Academy Award (Oscar)', 'Al miglior Film', 2000, 9, NULL, NULL),
('Academy Award (Oscar)', 'Alla miglior regia', 2021, 13, 'Lorenza', 'Rossi'),
('David di Donatello', 'Al miglior Film', 1972, 16, NULL, NULL),
('Academy Award (Oscar)', 'Alla miglior regia', 2001, 17, 'Diego', 'Fabbricatore'),
('David di Donatello', 'Al miglior Film', 2010, 18, NULL, NULL),
('Academy Award (Oscar)', 'Alla miglior regia', 2004, 29, 'Riccardo', 'Scognamiglio'),
('David di Donatello', 'Al miglior Film', 1999, 30, NULL, NULL),
('Academy Award (Oscar)', 'Al miglior attore non protagonista', 2013, 37, 'Giulio', 'Scognamiglio'),
('David di Donatello', 'Al miglior attore protagonista', 1970, 46, 'Michele', 'Fabbricatore'),
('Academy Award (Oscar)', 'Alla miglior regia', 1981, 50, 'Carmen', 'Zannelli'),
('Academy Award (Oscar)', 'Al miglior attore non protagonista', 2021, 57, 'Vincenzino', 'Zannelli'),
('David di Donatello', 'Alla miglior regia', 1981, 68, 'Jacopo', 'Rossi'),
('David di Donatello', 'Alla miglior regia', 2002, 83, 'Vincenzo', 'Scognamiglio'),
('Academy Award (Oscar)', 'Al miglior Film', 2020, 87, NULL, NULL),
('Academy Award (Oscar)', 'Al miglior attore non protagonista', 2002, 92, 'Guido', 'Zannelli'),
('FilmSphere', 'Primo Film inserito', 1, YEAR(CURRENT_DATE), NULL, NULL);
